formula,A,B,X,nA,nB,nX,chi_A,chi_B,chi_X,chi_diff,rX,rA,rB,delta_chi_AX,delta_chi_BX,delta_chi_AO,delta_chi_BO,rA_rB_ratio,rB_rX_ratio,rA_rX_ratio,chi_AX_ratio,chi_BX_ratio,HOMO_A,HOMO_B,HOMO_X,LUMO_A,LUMO_B,LUMO_X,EA_A,EA_B,EA_X,IP_A,IP_B,IP_X,rS_A,rS_B,rS_X,rP_A,rP_B,rP_X,rD_A,rD_B,rD_X,t_sisso,t,tau,t_jess,bandgap,bandgap_sigma,norm_formula,HHI,SR
BaPrS3,Ba,Pr,S,2.0,4.0,-2.0,0.89,1.13,2.58,1.144,184.0,173.0,84.98,-1.69,-1.4500000000000002,-2.55,-2.31,2.035773123087785,0.4618478260869565,0.9402173913043478,0.6627450980392157,0.6277056277056278,-3.22934977,-2.320982129999998,-7.00838179000003,-2.0224315294266337,-2.320982209675374,0.8145175879610062,0.1815487042226235,0.1152585549847216,-2.847077729734469,5.363406047114364,5.700078313684422,11.769320157021456,219.67,201.97,74.72999999999999,266.14000000000004,271.35,84.92999999999999,131.01,117.98,273.21,0.8199326569653009,0.9385000995196546,3.8927236508913694,0.9908885837768164,2.2779433727264404,0.2979717850685119,BaPrS3,0.782737734342092,0.4448354991068753
BaCeS3,Ba,Ce,S,2.0,4.0,-2.0,0.89,1.12,2.58,1.146,184.0,173.0,86.8,-1.69,-1.46,-2.55,-2.32,1.9930875576036864,0.4717391304347826,0.9402173913043478,0.6627450980392157,0.6293103448275862,-3.22934977,-2.5303330600000007,-7.00838179000003,-2.0224315294266337,-2.5303331468620374,0.8145175879610062,0.1815487042226235,0.0869328039854952,-2.847077729734469,5.363406047114364,5.700526061695872,11.769320157021456,219.67,204.28,74.72999999999999,266.14000000000004,257.54,84.92999999999999,131.01,118.68,273.21,0.7987419699856619,0.9321926025435624,3.8995198407357528,0.9817192468581252,2.0671629905700684,0.5181032419204712,BaCeS3,0.782737734342092,0.4448354991068753
BaHfS3,Ba,Hf,S,2.0,4.0,-2.0,0.89,1.3,2.58,1.11,184.0,173.0,85.0,-1.69,-1.28,-2.55,-2.14,2.0352941176470587,0.4619565217391304,0.9402173913043478,0.6627450980392157,0.5981308411214954,-3.22934977,-2.693665829999998,-7.00838179000003,-2.0224315294266337,-2.693665922468976,0.8145175879610062,0.1815487042226235,0.1845735353332302,-2.847077729734469,5.363406047114364,6.50368793830198,11.769320157021456,219.67,153.65,74.72999999999999,266.14000000000004,213.77,84.92999999999999,131.01,89.50999999999999,273.21,0.8196973351616501,0.9384303225605828,3.892762703201988,1.039806098214645,2.080607891082764,0.5106853246688843,BaHfS3,0.4848783618667468,0.2538826841975744
BaZrS3,Ba,Zr,S,2.0,4.0,-2.0,0.89,1.33,2.58,1.104,184.0,173.0,85.0,-1.69,-1.25,-2.55,-2.11,2.0352941176470587,0.4619565217391304,0.9402173913043478,0.6627450980392157,0.5924170616113744,-3.22934977,-3.6022224400000007,-7.00838179000003,-2.0224315294266337,-3.602222563658176,0.8145175879610062,0.1815487042226235,-0.2714066713124998,-2.847077729734469,5.363406047114364,7.139550537079975,11.769320157021456,219.67,166.94,74.72999999999999,266.14000000000004,222.0,84.92999999999999,131.01,84.44,273.21,0.8196973351616501,0.9384303225605828,3.892762703201988,1.0498348822647157,1.8304277658462524,0.4625757336616516,BaZrS3,0.4848783618667468,0.2538826841975744
BaUS3,Ba,U,S,2.0,4.0,-2.0,0.89,1.38,2.58,1.094,184.0,173.0,99.0,-1.69,-1.2000000000000002,-2.55,-2.06,1.7474747474747474,0.5380434782608695,0.9402173913043478,0.6627450980392157,0.5825242718446603,-3.22934977,-1.99527278,-7.00838179000003,-2.0224315294266337,-1.9952728484943232,0.8145175879610062,0.1815487042226235,0.546861732757815,-2.847077729734469,5.363406047114364,5.590257855882314,11.769320157021456,219.67,187.98,74.72999999999999,266.14000000000004,241.76,84.92999999999999,131.01,131.23,273.21,0.6672287415173765,0.8920062076635926,4.120009032087481,1.0148465396601407,2.171821117401123,0.401340901851654,BaUS3,0.2952878507442109,0.1678522517392491
BaUSe3,Ba,U,Se,2.0,4.0,-2.0,0.89,1.38,2.55,1.076,198.0,173.0,99.0,-1.6599999999999997,-1.17,-2.55,-2.06,1.7474747474747474,0.5,0.8737373737373737,0.6509803921568627,0.5679611650485437,-3.22934977,-1.99527278,-6.510488250000024,-2.0224315294266337,-1.9952728484943232,-0.2111875472497096,0.1815487042226235,0.546861732757815,-2.730814399751447,5.363406047114364,5.590257855882314,10.84576444731508,219.67,187.98,79.97,266.14000000000004,241.76,95.78,131.01,131.23,23.97,0.7648831549696105,0.8832904937443867,4.261423173501623,1.0124015996005713,2.16088604927063,0.2047697454690933,BaUSe3,0.500880822848284,0.2811625161605635
YbEuS3,Eu,Yb,S,3.0,3.0,-2.0,1.2,1.1,2.58,1.088,184.0,164.0,102.0,-1.38,-1.48,-2.24,-2.34,1.607843137254902,0.5543478260869565,0.8913043478260869,0.6160714285714286,0.6324786324786326,-2.76744646,-3.076992080000003,-7.00838179000003,-2.76744655500174,-1.0944533775707237,0.8145175879610062,0.4802925635161391,0.4767999173605045,-2.847077729734469,6.002313428086848,6.531525574217345,11.769320157021456,31.35,173.83,74.72999999999999,267.74,248.9,84.92999999999999,114.02,112.51,273.21,0.8170333189687436,0.8603978311447499,2.9609952038198246,0.8380781480250442,1.7615373134613037,0.4667204320430755,EuYbS3,1.075820153965853,0.6093322094844918
YbEuSe3,Eu,Yb,Se,3.0,3.0,-2.0,1.2,1.1,2.55,1.07,198.0,164.0,102.0,-1.35,-1.4499999999999995,-2.24,-2.34,1.607843137254902,0.5151515151515151,0.8282828282828283,0.6026785714285713,0.6196581196581196,-2.76744646,-3.076992080000003,-6.510488250000024,-2.76744655500174,-1.0944533775707237,-0.2111875472497096,0.4802925635161391,0.4767999173605045,-2.730814399751447,6.002313428086848,6.531525574217345,10.84576444731508,31.35,173.83,79.97,267.74,248.9,95.78,114.02,112.51,23.97,0.8154467856872191,0.8532443319356154,3.0982501057806084,0.8298641762883648,1.3234429359436035,0.257468044757843,EuYbSe3,1.2814131260699255,0.7226424739058063
EuYS3,Eu,Y,S,3.0,3.0,-2.0,1.2,1.22,2.58,1.064,184.0,164.0,101.0,-1.38,-1.36,-2.24,-2.22,1.623762376237624,0.5489130434782609,0.8913043478260869,0.6160714285714286,0.6126126126126127,-2.76744646,-2.518776380000004,-7.00838179000003,-2.76744655500174,-2.5187764664653174,0.8145175879610062,0.4802925635161391,0.1564045493718278,-2.847077729734469,6.002313428086848,6.250735714575128,11.769320157021456,31.35,178.5,74.72999999999999,267.74,235.81,84.92999999999999,114.02,94.26,273.21,0.7963114573083404,0.8634167709031526,2.870937866473477,0.8682916292472748,1.85396146774292,0.3007177710533142,EuYS3,1.075820153965853,0.6093322094844918
EuDyS3,Eu,Dy,S,3.0,3.0,-2.0,1.2,1.22,2.58,1.064,184.0,164.0,103.0,-1.38,-1.36,-2.24,-2.22,1.5922330097087378,0.5597826086956522,0.8913043478260869,0.6160714285714286,0.6126126126126127,-2.76744646,-3.164901719999999,-7.00838179000003,-2.76744655500174,-1.1732693202763391,0.8145175879610062,0.4802925635161391,0.4711191951556382,-2.847077729734469,6.002313428086848,6.187951074411365,11.769320157021456,31.35,28.52,74.72999999999999,267.74,256.01,84.92999999999999,114.02,111.98,273.21,0.8376590591315,0.8573999292940714,3.05584347031666,0.862240816499907,1.8718514442443848,0.3193621933460235,DyEuS3,1.075820153965853,0.6093322094844918
EuTmS3,Eu,Tm,S,3.0,3.0,-2.0,1.2,1.25,2.58,1.058,184.0,164.0,100.0,-1.38,-1.33,-2.24,-2.19,1.64,0.5434782608695652,0.8913043478260869,0.6160714285714286,0.6073059360730594,-2.76744646,-3.153999099999999,-7.00838179000003,-2.76744655500174,-1.0724057668138651,0.8145175879610062,0.4802925635161391,0.5222435779285232,-2.847077729734469,6.002313428086848,6.424661898518719,11.769320157021456,31.35,176.24,74.72999999999999,267.74,254.47,84.92999999999999,114.02,111.95,273.21,0.7754915612377814,0.866456970800699,2.7854970220493342,0.8789628951241516,1.9155038595199585,0.3431110680103302,EuTmS3,1.075820153965853,0.6093322094844918
EuScS3,Eu,Sc,S,3.0,3.0,-2.0,1.2,1.36,2.58,1.036,184.0,164.0,87.0,-1.38,-1.22,-2.24,-2.08,1.885057471264368,0.4728260869565217,0.8913043478260869,0.6160714285714286,0.5865384615384615,-2.76744646,-3.2357286599999986,-7.00838179000003,-2.76744655500174,-3.235728771077069,0.8145175879610062,0.4802925635161391,0.2753302914535808,-2.847077729734469,6.002313428086848,6.884657007341072,11.769320157021456,31.35,165.06,74.72999999999999,267.74,217.74,84.92999999999999,114.02,58.09,273.21,0.8171895905043726,0.9080213273335738,2.035359426812868,0.9537413707473252,1.796979904174805,0.4913038611412048,EuScS3,1.586280889414111,0.899135507047661
EuHfS3,Eu,Hf,S,2.0,4.0,-2.0,1.2,1.3,2.58,1.048,184.0,164.0,85.0,-1.38,-1.28,-2.24,-2.14,1.9294117647058824,0.4619565217391304,0.8913043478260869,0.6160714285714286,0.5981308411214954,-2.76744646,-2.693665829999998,-7.00838179000003,-2.76744655500174,-2.693665922468976,0.8145175879610062,0.4802925635161391,0.1845735353332302,-2.847077729734469,6.002313428086848,6.50368793830198,11.769320157021456,31.35,153.65,74.72999999999999,267.74,213.77,84.92999999999999,114.02,89.50999999999999,273.21,0.8404464526686398,0.9147724152691392,4.036182527634741,0.942210482970432,1.7454291582107544,0.429497092962265,EuHfS3,0.7779607814905077,0.4183793945751909
EuZrS3,Eu,Zr,S,2.0,4.0,-2.0,1.2,1.33,2.58,1.042,184.0,164.0,85.0,-1.38,-1.25,-2.24,-2.11,1.9294117647058824,0.4619565217391304,0.8913043478260869,0.6160714285714286,0.5924170616113744,-2.76744646,-3.6022224400000007,-7.00838179000003,-2.76744655500174,-3.602222563658176,0.8145175879610062,0.4802925635161391,-0.2714066713124998,-2.847077729734469,6.002313428086848,7.139550537079975,11.769320157021456,31.35,166.94,74.72999999999999,267.74,222.0,84.92999999999999,114.02,84.44,273.21,0.8404464526686398,0.9147724152691392,4.036182527634741,0.9512979709931,1.7169358730316162,0.417492002248764,EuZrS3,0.7779607814905077,0.4183793945751909
TbEuS3,Eu,Tb,S,3.0,3.0,-2.0,1.2,1.1,2.58,1.088,184.0,164.0,92.41,-1.38,-1.48,-2.24,-2.34,1.774699707823829,0.5022282608695652,0.8913043478260869,0.6160714285714286,0.6324786324786326,-2.76744646,-3.0839381900000022,-7.00838179000003,-2.76744655500174,-1.3025399247139844,0.8145175879610062,0.4802925635161391,0.4848213986217848,-2.847077729734469,6.002313428086848,6.119534423052706,11.769320157021456,31.35,29.39,74.72999999999999,267.74,257.89,84.92999999999999,114.02,112.45,273.21,0.7568625112590074,0.8902491939777812,2.272523408973321,0.8671551330818809,1.924277782440185,0.3019002079963684,EuTbS3,1.075820153965853,0.6093322094844918
EuUS3,Eu,U,S,2.0,4.0,-2.0,1.2,1.38,2.58,1.032,184.0,164.0,99.0,-1.38,-1.2000000000000002,-2.24,-2.06,1.6565656565656566,0.5380434782608695,0.8913043478260869,0.6160714285714286,0.5825242718446603,-2.76744646,-1.99527278,-7.00838179000003,-2.76744655500174,-1.9952728484943232,0.8145175879610062,0.4802925635161391,0.546861732757815,-2.847077729734469,6.002313428086848,5.590257855882314,11.769320157021456,31.35,187.98,74.72999999999999,267.74,241.76,84.92999999999999,114.02,131.23,273.21,0.7545716601668887,0.8695186562098887,4.422535887324255,0.9195936145362616,1.765608310699463,0.4478161931037903,EuUS3,0.5883702703679718,0.3323489621168656
EuUSe3,Eu,U,Se,2.0,4.0,-2.0,1.2,1.38,2.55,1.014,198.0,164.0,99.0,-1.35,-1.17,-2.24,-2.06,1.6565656565656566,0.5,0.8282828282828283,0.6026785714285713,0.5679611650485437,-2.76744646,-1.99527278,-6.510488250000024,-2.76744655500174,-1.9952728484943232,-0.2111875472497096,0.4802925635161391,0.546861732757815,-2.730814399751447,6.002313428086848,5.590257855882314,10.84576444731508,31.35,187.98,79.97,267.74,241.76,95.78,114.02,131.23,23.97,0.7647839476137247,0.8618629615511266,4.563950028738397,0.9145455189536336,1.334890365600586,0.2059216499328613,EuUSe3,0.7939632424720449,0.44565922653818
SrSnS3,Sr,Sn,S,2.0,4.0,-2.0,0.95,1.96,2.58,0.966,184.0,168.0,86.0,-1.63,-0.6200000000000001,-2.49,-1.48,1.9534883720930232,0.4673913043478261,0.9130434782608696,0.6546184738955824,0.4189189189189189,-3.5257832000000016,-3.6934392700000016,-7.00838179000003,-1.2811882639810177,-3.693439396789498,0.8145175879610062,0.150586057166743,-1.0130803347838755,-2.847077729734469,5.884929518021573,6.875250052003975,11.769320157021456,195.84,106.59,74.72999999999999,254.93,135.54,84.92999999999999,111.21,46.940000000000005,273.21,0.8215029328415404,0.9218600516922548,3.97418154426762,1.4405332223749163,1.7255971431732178,0.3852832913398742,SnSrS3,0.5811631767394583,0.3363842698738597
SrPrS3,Sr,Pr,S,2.0,4.0,-2.0,0.95,1.13,2.58,1.132,184.0,168.0,84.98,-1.63,-1.4500000000000002,-2.49,-2.31,1.9769357495881383,0.4618478260869565,0.9130434782608696,0.6546184738955824,0.6277056277056278,-3.5257832000000016,-2.320982129999998,-7.00838179000003,-1.2811882639810177,-2.320982209675374,0.8145175879610062,0.150586057166743,0.1152585549847216,-2.847077729734469,5.884929518021573,5.700078313684422,11.769320157021456,195.84,201.97,74.72999999999999,254.93,271.35,84.92999999999999,111.21,117.98,273.21,0.8334342944083828,0.9253558404227408,3.966525362220052,0.9650304240254108,2.3521203994750977,0.3849501609802246,PrSrS3,0.9252817089965384,0.529837391288268
SrCeS3,Sr,Ce,S,2.0,4.0,-2.0,0.95,1.12,2.58,1.134,184.0,168.0,86.8,-1.63,-1.46,-2.49,-2.32,1.935483870967742,0.4717391304347826,0.9130434782608696,0.6546184738955824,0.6293103448275862,-3.5257832000000016,-2.5303330600000007,-7.00838179000003,-1.2811882639810177,-2.5303331468620374,0.8145175879610062,0.150586057166743,0.0869328039854952,-2.847077729734469,5.884929518021573,5.700526061695872,11.769320157021456,195.84,204.28,74.72999999999999,254.93,257.54,84.92999999999999,111.21,118.68,273.21,0.8122436074287438,0.9191366837404312,3.981744359663545,0.9561003694869384,2.10228967666626,0.611510157585144,CeSrS3,0.9252817089965384,0.529837391288268
SrUS3,Sr,U,S,2.0,4.0,-2.0,0.95,1.38,2.58,1.082,184.0,168.0,99.0,-1.63,-1.2000000000000002,-2.49,-2.06,1.696969696969697,0.5380434782608695,0.9130434782608696,0.6546184738955824,0.5825242718446603,-3.5257832000000016,-1.99527278,-7.00838179000003,-1.2811882639810177,-1.9952728484943232,0.8145175879610062,0.150586057166743,0.546861732757815,-2.847077729734469,5.884929518021573,5.590257855882314,11.769320157021456,195.84,187.98,74.72999999999999,254.93,241.76,84.92999999999999,111.21,131.23,273.21,0.6991290769448593,0.879513123522646,4.276241281239079,0.9883631747537952,2.1624343395233154,0.5361005067825317,SrUS3,0.4378318253986574,0.2528541439206417
SrUSe3,Sr,U,Se,2.0,4.0,-2.0,0.95,1.38,2.55,1.0639999999999998,198.0,168.0,99.0,-1.6,-1.17,-2.49,-2.06,1.696969696969697,0.5,0.8484848484848485,0.6425702811244979,0.5679611650485437,-3.5257832000000016,-1.99527278,-6.510488250000024,-1.2811882639810177,-1.9952728484943232,-0.2111875472497096,0.150586057166743,0.546861732757815,-2.730814399751447,5.884929518021573,5.590257855882314,10.84576444731508,195.84,187.98,79.97,254.93,241.76,95.78,111.21,131.23,23.97,0.7664822181464274,0.8713863091925755,4.41765542265322,0.9858542804032296,2.1546688079833984,0.3129798173904419,SrUSe3,0.6434247975027304,0.3661644083419562
CaCeS3,Ca,Ce,S,2.0,4.0,-2.0,1.0,1.12,2.58,1.124,184.0,156.0,86.8,-1.58,-1.46,-2.44,-2.32,1.7972350230414746,0.4717391304347826,0.8478260869565217,0.6475409836065574,0.6293103448275862,-3.766160950000002,-2.5303330600000007,-7.00838179000003,-1.9458476867976409,-2.5303331468620374,0.8145175879610062,0.1499954621481116,0.0869328039854952,-2.847077729734469,6.309260154585895,5.700526061695872,11.769320157021456,179.84,204.28,74.72999999999999,231.02,257.54,84.92999999999999,67.61,118.68,273.21,0.8246503882954872,0.8878024786129166,4.251114283564172,0.9135214365606074,2.0408778190612797,0.5082849264144897,CaCeS3,1.8050610754499763,1.0228364635043223
CaUSe3,Ca,U,Se,2.0,4.0,-2.0,1.0,1.38,2.55,1.054,198.0,156.0,99.0,-1.5499999999999998,-1.17,-2.44,-2.06,1.5757575757575757,0.5,0.7878787878787878,0.6352459016393442,0.5679611650485437,-3.766160950000002,-1.99527278,-6.510488250000024,-1.9458476867976409,-1.9952728484943232,-0.2111875472497096,0.1499954621481116,0.546861732757815,-2.730814399751447,6.309260154585895,5.590257855882314,10.84576444731508,179.84,187.98,79.97,231.02,241.76,95.78,67.61,131.23,23.97,0.8440645218510212,0.8428162662682288,4.930425703356857,0.9426623014552524,2.2467269897460938,0.3058312833309173,CaUSe3,1.5232041639561682,0.8591634805580104
AlSnSe3,Sn,Al,Se,3.0,3.0,-2.0,1.96,1.61,2.55,0.8159999999999998,198.0,86.0,69.0,-0.5899999999999999,-0.9399999999999996,-1.48,-1.83,1.2463768115942029,0.3484848484848485,0.4343434343434343,0.3986486486486486,0.5136612021857923,-3.6934392700000016,-2.712046639999999,-6.510488250000024,-3.693439396789498,-2.7120467330999567,-0.2111875472497096,-1.0130803347838755,-0.3481498809512196,-2.730814399751447,6.875250052003975,5.763264318842405,10.84576444731508,106.59,110.43,79.97,135.54,139.64,95.78,46.940000000000005,999.99,23.97,0.8291316182916132,0.7521304558622968,10.847030684454468,0.5837228674486212,2.018960475921631,0.2920958697795868,AlSnSe3,1.1872012265676826,0.6701932800931429
CeCdS3,Cd,Ce,S,2.0,4.0,-2.0,1.69,1.12,2.58,0.9860000000000002,184.0,156.0,86.8,-0.8900000000000001,-1.46,-1.75,-2.32,1.7972350230414746,0.4717391304347826,0.8478260869565217,0.5085714285714287,0.6293103448275862,-5.657022910000005,-2.5303330600000007,-7.00838179000003,-1.1571185497219154,-2.5303331468620374,0.8145175879610062,0.9482623915387752,0.0869328039854952,-2.847077729734469,9.27193000127873,5.700526061695872,11.769320157021456,123.55,204.28,74.72999999999999,179.66,257.54,84.92999999999999,51.92,118.68,273.21,0.8246503882954872,0.8878024786129166,4.251114283564172,0.7174694942622115,2.1258251667022705,0.3905080258846283,CdCeS3,0.7919107249997773,0.4420233233626265
HfCuS3,Cu,Hf,S,2.0,4.0,-2.0,1.9,1.3,2.58,0.908,184.0,134.0,85.0,-0.6800000000000002,-1.28,-1.54,-2.14,1.576470588235294,0.4619565217391304,0.7282608695652174,0.4415584415584416,0.5981308411214954,-4.608164319999999,-2.693665829999998,-7.00838179000003,-0.6024405606807606,-2.693665922468976,0.8145175879610062,-1.5474569751238811,0.1845735353332302,-2.847077729734469,8.147436993683963,6.50368793830198,11.769320157021456,120.22,153.65,74.72999999999999,203.02,213.77,84.92999999999999,31.9,89.50999999999999,273.21,0.8107420988505747,0.8359127242976618,5.091376647175331,0.6170962846986392,1.8860056400299072,0.6132522225379944,CuHfS3,0.3830907758624842,0.1932272512058723
HfCuSe3,Cu,Hf,Se,2.0,4.0,-2.0,1.9,1.3,2.55,0.8900000000000001,198.0,134.0,85.0,-0.6499999999999999,-1.2499999999999998,-1.54,-2.14,1.576470588235294,0.4292929292929293,0.6767676767676768,0.422077922077922,0.5841121495327103,-4.608164319999999,-2.693665829999998,-6.510488250000024,-0.6024405606807606,-2.693665922468976,-0.2111875472497096,-1.5474569751238811,0.1845735353332302,-2.730814399751447,8.147436993683963,6.50368793830198,10.84576444731508,120.22,153.65,79.97,203.02,213.77,95.78,31.9,89.50999999999999,23.97,0.8219868190436883,0.8295407869588592,5.256082529528271,0.5994240180050769,1.7802560329437256,0.5957173109054565,CuHfSe3,0.5886837479665571,0.3065375156271868
ZrCuSe3,Cu,Zr,Se,2.0,4.0,-2.0,1.9,1.33,2.55,0.884,198.0,134.0,85.0,-0.6499999999999999,-1.2199999999999998,-1.54,-2.11,1.576470588235294,0.4292929292929293,0.6767676767676768,0.422077922077922,0.5781990521327013,-4.608164319999999,-3.6022224400000007,-6.510488250000024,-0.6024405606807606,-3.602222563658176,-0.2111875472497096,-1.5474569751238811,-0.2714066713124998,-2.730814399751447,8.147436993683963,7.139550537079975,10.84576444731508,120.22,166.94,79.97,203.02,222.0,95.78,31.9,84.44,23.97,0.8219868190436883,0.8295407869588592,5.256082529528271,0.605554177833764,1.6509623527526855,0.5883088707923889,CuZrSe3,0.5886837479665571,0.3065375156271868
TbZnS3,Zn,Tb,S,2.0,4.0,-2.0,1.65,1.1,2.58,0.998,184.0,121.0,76.26,-0.9300000000000002,-1.48,-1.79,-2.34,1.5866771570941516,0.4144565217391304,0.657608695652174,0.5195530726256984,0.6324786324786326,-5.977182470000003,-3.0839381900000022,-7.00838179000003,-1.1074028380152596,-1.3025399247139844,0.8145175879610062,0.922398193658712,0.4848213986217848,-2.847077729734469,9.889346728482574,6.119534423052706,11.769320157021456,110.68,29.39,74.72999999999999,166.61,257.89,84.92999999999999,29.97,112.45,273.21,0.8348683347092811,0.8286640725626776,5.28685738657474,0.6807106880231387,2.479283332824707,0.2954099774360657,TbZnS3,0.7593601154756247,0.427966176709568
LaScS3,La,Sc,S,3.0,3.0,-2.0,1.1,1.36,2.58,1.056,184.0,150.0,87.0,-1.48,-1.22,-2.34,-2.08,1.7241379310344829,0.4728260869565217,0.8152173913043478,0.6324786324786326,0.5865384615384615,-2.778124050000001,-3.2357286599999986,-7.00838179000003,-2.7781241453682792,-3.235728771077069,0.8145175879610062,-0.2216918666232401,0.2753302914535808,-2.847077729734469,5.8114999284947535,6.884657007341072,11.769320157021456,205.43,165.06,74.72999999999999,267.61,217.74,84.92999999999999,119.73,58.09,273.21,0.8181678859701509,0.8714917337052116,2.6103634041666908,0.9397506490956018,1.9694440364837649,0.5051323771476746,LaScS3,1.586280889414111,0.899135507047661
LaZrS3,La,Zr,S,3.0,3.0,-2.0,1.1,1.33,2.58,1.062,184.0,150.0,85.0,-1.48,-1.25,-2.34,-2.11,1.7647058823529411,0.4619565217391304,0.8152173913043478,0.6324786324786326,0.5924170616113744,-2.778124050000001,-3.6022224400000007,-7.00838179000003,-2.7781241453682792,-3.602222563658176,0.8145175879610062,-0.2216918666232401,-0.2714066713124998,-2.847077729734469,5.8114999284947535,7.139550537079975,11.769320157021456,205.43,166.94,74.72999999999999,267.61,222.0,84.92999999999999,119.73,84.44,273.21,0.8414247481344181,0.8779712261491165,2.4855974858803984,0.9373430923140038,1.8833860158920288,0.4618671834468841,LaZrS3,0.7779607814905077,0.4183793945751909
LaTbS3,La,Tb,S,3.0,3.0,-2.0,1.1,1.1,2.58,1.1080000000000003,184.0,150.0,92.41,-1.48,-1.48,-2.34,-2.34,1.623200952277892,0.5022282608695652,0.8152173913043478,0.6324786324786326,0.6324786324786326,-2.778124050000001,-3.0839381900000022,-7.00838179000003,-2.7781241453682792,-1.3025399247139844,0.8145175879610062,-0.2216918666232401,0.4848213986217848,-2.847077729734469,5.8114999284947535,6.119534423052706,11.769320157021456,205.43,29.39,74.72999999999999,267.61,257.89,84.92999999999999,119.73,112.45,273.21,0.7934971360713021,0.8544345712315488,3.043979287972784,0.8544345712315488,2.060152769088745,0.2254894971847534,LaTbS3,1.075820153965853,0.6093322094844918
LaTbSe3,La,Tb,Se,3.0,3.0,-2.0,1.1,1.1,2.55,1.09,198.0,150.0,92.41,-1.4499999999999995,-1.4499999999999995,-2.34,-2.34,1.623200952277892,0.4667171717171717,0.7575757575757576,0.6196581196581196,0.6196581196581196,-2.778124050000001,-3.0839381900000022,-6.510488250000024,-2.7781241453682792,-1.3025399247139844,-0.2111875472497096,-0.2216918666232401,0.4848213986217848,-2.730814399751447,5.8114999284947535,6.119534423052706,10.84576444731508,205.43,29.39,79.97,267.61,257.89,95.78,119.73,112.45,23.97,0.8071871958429104,0.8473323222595589,3.19547804351872,0.847332322259559,1.5198605060577393,0.213884487748146,LaTbSe3,1.2814131260699255,0.7226424739058063
PrScS3,Pr,Sc,S,3.0,3.0,-2.0,1.13,1.36,2.58,1.05,184.0,156.0,87.0,-1.4500000000000002,-1.22,-2.31,-2.08,1.793103448275862,0.4728260869565217,0.8478260869565217,0.6277056277056278,0.5865384615384615,-2.320982129999998,-3.2357286599999986,-7.00838179000003,-2.320982209675374,-3.235728771077069,0.8145175879610062,0.1152585549847216,0.2753302914535808,-2.847077729734469,5.700078313684422,6.884657007341072,11.769320157021456,201.97,165.06,74.72999999999999,271.35,217.74,84.92999999999999,117.98,58.09,273.21,0.8223488913072079,0.8871472738316525,2.3269123806531264,0.9494131636776184,1.893248200416565,0.5108186602592468,PrScS3,1.586280889414111,0.899135507047661
PrUSe3,Pr,U,Se,3.0,3.0,-2.0,1.13,1.38,2.55,1.028,198.0,156.0,99.0,-1.42,-1.17,-2.31,-2.06,1.5757575757575757,0.5,0.7878787878787878,0.6147186147186147,0.5679611650485437,-2.320982129999998,-1.99527278,-6.510488250000024,-2.320982209675374,-1.9952728484943232,-0.2111875472497096,0.1152585549847216,0.546861732757815,-2.730814399751447,5.700078313684422,5.590257855882314,10.84576444731508,201.97,187.98,79.97,271.35,241.76,95.78,117.98,131.23,23.97,0.8440645218510212,0.8428162662682288,3.395638555035285,0.9122011847736794,1.3326258659362793,0.1632504016160965,PrUSe3,0.7939632424720449,0.44565922653818
CeScS3,Ce,Sc,S,3.0,3.0,-2.0,1.12,1.36,2.58,1.052,184.0,160.20000000000002,87.0,-1.46,-1.22,-2.32,-2.08,1.841379310344828,0.4728260869565217,0.8706521739130436,0.6293103448275862,0.5865384615384615,-2.5303330600000007,-3.2357286599999986,-7.00838179000003,-2.5303331468620374,-3.235728771077069,0.8145175879610062,0.0869328039854952,0.2753302914535808,-2.847077729734469,5.700526061695872,6.884657007341072,11.769320157021456,204.28,165.06,74.72999999999999,257.54,217.74,84.92999999999999,118.68,58.09,273.21,0.8211820881975593,0.8981061519201613,2.163268436006976,0.9635983472834744,1.7707581520080566,0.4420132935047149,CeScS3,1.586280889414111,0.899135507047661
CeUS3,Ce,U,S,3.0,3.0,-2.0,1.12,1.38,2.58,1.048,184.0,160.20000000000002,99.0,-1.46,-1.2000000000000002,-2.32,-2.06,1.6181818181818184,0.5380434782608695,0.8706521739130436,0.6293103448275862,0.5825242718446603,-2.5303330600000007,-1.99527278,-7.00838179000003,-2.5303331468620374,-1.9952728484943232,0.8145175879610062,0.0869328039854952,0.546861732757815,-2.847077729734469,5.700526061695872,5.590257855882314,11.769320157021456,204.28,187.98,74.72999999999999,257.54,241.76,84.92999999999999,118.68,131.23,273.21,0.8054509442399542,0.8600239122627693,2.9448383723561964,0.9290976718827242,1.745968461036682,0.3162144124507904,CeUS3,0.5883702703679718,0.3323489621168656
CeUSe3,Ce,U,Se,3.0,3.0,-2.0,1.12,1.38,2.55,1.03,198.0,160.20000000000002,99.0,-1.4299999999999995,-1.17,-2.32,-2.06,1.6181818181818184,0.5,0.8090909090909092,0.6163793103448275,0.5679611650485437,-2.5303330600000007,-1.99527278,-6.510488250000024,-2.5303331468620374,-1.9952728484943232,-0.2111875472497096,0.0869328039854952,0.546861732757815,-2.730814399751447,5.700526061695872,5.590257855882314,10.84576444731508,204.28,187.98,79.97,257.54,241.76,95.78,118.68,131.23,23.97,0.7981340807144556,0.8528157812917503,3.086252513770338,0.9255175097735184,1.3216874599456787,0.1645327061414718,CeUSe3,0.7939632424720449,0.44565922653818
YbSmS3,Sm,Yb,S,3.0,3.0,-2.0,1.17,1.1,2.58,1.094,184.0,164.0,102.0,-1.41,-1.48,-2.27,-2.34,1.607843137254902,0.5543478260869565,0.8913043478260869,0.6211453744493393,0.6324786324786326,-2.519165209999997,-3.076992080000003,-7.00838179000003,-2.5191652964786626,-1.0944533775707237,0.8145175879610062,0.530550865217543,0.4767999173605045,-2.847077729734469,5.94376524505028,6.531525574217345,11.769320157021456,194.74,173.83,74.72999999999999,267.86,248.9,84.92999999999999,115.12,112.51,273.21,0.8170333189687436,0.8603978311447499,2.9609952038198246,0.844980534610962,1.8959070444107056,0.3335318863391876,SmYbS3,1.075820153965853,0.6093322094844918
GdScS3,Gd,Sc,S,3.0,3.0,-2.0,1.2,1.36,2.58,1.036,184.0,152.0,87.0,-1.38,-1.22,-2.24,-2.08,1.7471264367816093,0.4728260869565217,0.8260869565217391,0.6160714285714286,0.5865384615384615,-2.8746634,-3.2357286599999986,-7.00838179000003,-1.3761398572405408,-3.235728771077069,0.8145175879610062,1.325343534503421,0.2753302914535808,-2.847077729734469,6.0569064659121885,6.884657007341072,11.769320157021456,30.32,165.06,74.72999999999999,202.1,217.74,84.92999999999999,111.28,58.09,273.21,0.8203213789320559,0.8767102470806919,2.5085600083043427,0.9208537372732796,1.8258785009384155,0.347350925207138,GdScS3,1.586280889414111,0.899135507047661
GdZrS3,Gd,Zr,S,3.0,3.0,-2.0,1.2,1.33,2.58,1.042,184.0,152.0,85.0,-1.38,-1.25,-2.24,-2.11,1.7882352941176471,0.4619565217391304,0.8260869565217391,0.6160714285714286,0.5924170616113744,-2.8746634,-3.6022224400000007,-7.00838179000003,-1.3761398572405408,-3.602222563658176,0.8145175879610062,1.325343534503421,-0.2714066713124998,-2.847077729734469,6.0569064659121885,7.139550537079975,11.769320157021456,30.32,166.94,74.72999999999999,202.1,222.0,84.92999999999999,111.28,84.44,273.21,0.8435782410963234,0.8832285388805483,2.394636671019245,0.918494592682993,1.775336503982544,0.3248822689056396,GdZrS3,0.7779607814905077,0.4183793945751909
SmLuS3,Sm,Lu,S,3.0,3.0,-2.0,1.17,1.27,2.58,1.0600000000000005,184.0,164.0,99.0,-1.41,-1.31,-2.27,-2.17,1.6565656565656566,0.5380434782608695,0.8913043478260869,0.6211453744493393,0.6036866359447005,-2.519165209999997,-1.7533157500000005,-7.00838179000003,-2.5191652964786626,-1.7533158101883548,0.8145175879610062,0.530550865217543,0.3090144625889975,-2.847077729734469,5.94376524505028,5.26002856955933,11.769320157021456,194.74,162.29,74.72999999999999,267.86,232.06,84.92999999999999,115.12,97.53,273.21,0.7545716601668887,0.8695186562098887,2.7045109016934537,0.8946653100196376,1.8745731115341189,0.2318938225507736,LuSmS3,1.075820153965853,0.6093322094844918
SmScS3,Sm,Sc,S,3.0,3.0,-2.0,1.17,1.36,2.58,1.042,184.0,164.0,87.0,-1.41,-1.22,-2.27,-2.08,1.885057471264368,0.4728260869565217,0.8913043478260869,0.6211453744493393,0.5865384615384615,-2.519165209999997,-3.2357286599999986,-7.00838179000003,-2.5191652964786626,-3.235728771077069,0.8145175879610062,0.530550865217543,0.2753302914535808,-2.847077729734469,5.94376524505028,6.884657007341072,11.769320157021456,194.74,165.06,74.72999999999999,267.86,217.74,84.92999999999999,115.12,58.09,273.21,0.8171895905043726,0.9080213273335738,2.035359426812868,0.961596356179644,1.927302598953247,0.353396326303482,ScSmS3,1.586280889414111,0.899135507047661
SmZrS3,Sm,Zr,S,3.0,3.0,-2.0,1.17,1.33,2.58,1.048,184.0,164.0,85.0,-1.41,-1.25,-2.27,-2.11,1.9294117647058824,0.4619565217391304,0.8913043478260869,0.6211453744493393,0.5924170616113744,-2.519165209999997,-3.6022224400000007,-7.00838179000003,-2.5191652964786626,-3.602222563658176,0.8145175879610062,0.530550865217543,-0.2714066713124998,-2.847077729734469,5.94376524505028,7.139550537079975,11.769320157021456,194.74,166.94,74.72999999999999,267.86,222.0,84.92999999999999,115.12,84.44,273.21,0.8404464526686398,0.9147724152691392,1.971920850275641,0.95913283265805,1.8459535837173464,0.3135352432727813,SmZrS3,0.7779607814905077,0.4183793945751909
SmUSe3,Sm,U,Se,3.0,3.0,-2.0,1.17,1.38,2.55,1.02,198.0,164.0,99.0,-1.38,-1.17,-2.27,-2.06,1.6565656565656566,0.5,0.8282828282828283,0.6079295154185022,0.5679611650485437,-2.519165209999997,-1.99527278,-6.510488250000024,-2.5191652964786626,-1.9952728484943232,-0.2111875472497096,0.530550865217543,0.546861732757815,-2.730814399751447,5.94376524505028,5.590257855882314,10.84576444731508,194.74,187.98,79.97,267.86,241.76,95.78,115.12,131.23,23.97,0.7647839476137247,0.8618629615511266,2.845925043107595,0.9225136590600336,1.5110206604003906,0.1908233910799026,SmUSe3,0.7939632424720449,0.44565922653818
DyScS3,Dy,Sc,S,3.0,3.0,-2.0,1.22,1.36,2.58,1.032,184.0,145.0,87.0,-1.36,-1.22,-2.22,-2.08,1.6666666666666667,0.4728260869565217,0.7880434782608695,0.6126126126126127,0.5865384615384615,-3.164901719999999,-3.2357286599999986,-7.00838179000003,-1.1732693202763391,-3.235728771077069,0.8145175879610062,0.4711191951556382,0.2753302914535808,-2.847077729734469,6.187951074411365,6.884657007341072,11.769320157021456,28.52,165.06,74.72999999999999,256.01,217.74,84.92999999999999,111.98,58.09,273.21,0.8094842328623169,0.8584454502665109,2.90301847359172,0.8966070335673852,1.917428731918335,0.3768768310546875,DyScS3,1.586280889414111,0.899135507047661
DyZrS3,Dy,Zr,S,3.0,3.0,-2.0,1.22,1.33,2.58,1.038,184.0,145.0,85.0,-1.36,-1.25,-2.22,-2.11,1.7058823529411764,0.4619565217391304,0.7880434782608695,0.6126126126126127,0.5924170616113744,-3.164901719999999,-3.6022224400000007,-7.00838179000003,-1.1732693202763391,-3.602222563658176,0.8145175879610062,0.4711191951556382,-0.2714066713124998,-2.847077729734469,6.187951074411365,7.139550537079975,11.769320157021456,28.52,166.94,74.72999999999999,256.01,222.0,84.92999999999999,111.98,84.44,273.21,0.8327410950265841,0.8648279443205369,2.7468344741746304,0.8943100068548515,1.8452829122543333,0.3498606979846954,DyZrS3,0.7779607814905077,0.4183793945751909
DyInS3,Dy,In,S,3.0,3.0,-2.0,1.22,1.78,2.58,0.948,184.0,145.0,92.0,-1.36,-0.8,-2.22,-1.66,1.576086956521739,0.5,0.7880434782608695,0.6126126126126127,0.4819277108433735,-3.164901719999999,-2.5178859200000034,-7.00838179000003,-1.1732693202763391,-2.517886006434747,0.8145175879610062,0.4711191951556382,-0.1678385307595446,-2.847077729734469,6.187951074411365,5.364511578154709,11.769320157021456,28.52,114.07,74.72999999999999,256.01,151.32,84.92999999999999,111.98,49.29,273.21,0.8437134437247924,0.8428939022544364,3.393034654415662,1.0714624289018104,1.681059718132019,0.2046223878860473,DyInS3,1.0825497970749989,0.6087307852109838
TbScS3,Tb,Sc,S,3.0,3.0,-2.0,1.1,1.36,2.58,1.056,184.0,151.0,87.0,-1.48,-1.22,-2.34,-2.08,1.735632183908046,0.4728260869565217,0.8206521739130435,0.6324786324786326,0.5865384615384615,-3.0839381900000022,-3.2357286599999986,-7.00838179000003,-1.3025399247139844,-3.235728771077069,0.8145175879610062,0.4848213986217848,0.2753302914535808,-2.847077729734469,6.119534423052706,6.884657007341072,11.769320157021456,29.39,165.06,74.72999999999999,257.89,217.74,84.92999999999999,112.45,58.09,273.21,0.8193392802648035,0.8741009903929517,2.5584746872167035,0.9425642737934928,1.976104974746704,0.3485437333583832,ScTbS3,1.586280889414111,0.899135507047661
ScUS3,U,Sc,S,3.0,3.0,-2.0,1.38,1.36,2.58,1.0,184.0,153.0,87.0,-1.2000000000000002,-1.22,-2.06,-2.08,1.7586206896551724,0.4728260869565217,0.8315217391304348,0.5825242718446603,0.5865384615384615,-1.99527278,-3.2357286599999986,-7.00838179000003,-1.9952728484943232,-3.235728771077069,0.8145175879610062,0.546861732757815,0.2753302914535808,-2.847077729734469,5.590257855882314,6.884657007341072,11.769320157021456,187.98,165.06,74.72999999999999,241.76,217.74,84.92999999999999,131.23,58.09,273.21,0.821113794015488,0.879319503768432,2.4605289678902835,0.8733015603238926,1.7628705501556396,0.3788658082485199,ScUS3,1.0988310058162298,0.6221522596800346
UBiS3,Bi,U,S,3.0,3.0,-2.0,2.02,1.38,2.58,0.8680000000000002,184.0,163.0,99.0,-0.56,-1.2000000000000002,-1.42,-2.06,1.6464646464646464,0.5380434782608695,0.8858695652173914,0.3943661971830986,0.5825242718446603,-4.568780880000002,-1.99527278,-7.00838179000003,-4.56878103683849,-1.9952728484943232,0.8145175879610062,-1.6542288708495247,0.546861732757815,-2.847077729734469,7.913870035627065,5.590257855882314,11.769320157021456,98.99,187.98,74.72999999999999,130.17,241.76,84.92999999999999,54.69,131.23,273.21,0.7681268421958309,0.8670200393816992,2.7645090193711,0.5869684961447935,1.7725108861923218,0.2407971769571304,BiUS3,0.7811921728377788,0.4412597634019618
UInS3,U,In,S,3.0,3.0,-2.0,1.38,1.78,2.58,0.916,184.0,153.0,92.0,-1.2000000000000002,-0.8,-2.06,-1.66,1.6630434782608696,0.5,0.8315217391304348,0.5825242718446603,0.4819277108433735,-1.99527278,-2.5178859200000034,-7.00838179000003,-1.9952728484943232,-2.517886006434747,0.8145175879610062,0.546861732757815,-0.1678385307595446,-2.847077729734469,5.590257855882314,5.364511578154709,11.769320157021456,187.98,114.07,74.72999999999999,241.76,151.32,84.92999999999999,131.23,49.29,273.21,0.7652333356210312,0.8633898026132069,2.8085852076010704,1.043611945877129,1.7723345756530762,0.2694576680660248,InUS3,0.5950999134771179,0.3317475378433574
UInSe3,U,In,Se,3.0,3.0,-2.0,1.38,1.78,2.55,0.8979999999999999,198.0,153.0,92.0,-1.17,-0.7699999999999998,-2.06,-1.66,1.6630434782608696,0.4646464646464646,0.7727272727272727,0.5679611650485437,0.4638554216867468,-1.99527278,-2.5178859200000034,-6.510488250000024,-1.9952728484943232,-2.517886006434747,-0.2111875472497096,0.546861732757815,-0.1678385307595446,-2.730814399751447,5.590257855882314,5.364511578154709,10.84576444731508,187.98,114.07,79.97,241.76,151.32,95.78,131.23,49.29,23.97,0.8199754149669866,0.8558451910156248,2.9607591206445485,1.047927455548195,1.3936817646026611,0.142560139298439,InUSe3,0.8006928855811908,0.4450578022646718
