formula,Unnamed: 0,atoms,a,b,c,alpha,beta,gamma,volume,atomic_density,mass_density,bandgap,bandgap_sigma
TbZnS3,0,"{'m_def': 'nomad.datamodel.metainfo.system.Atoms', 'm_def_id': '7d051e8be40aed92f0e7c7b537dcc0bd10f5eafe', 'atomic_numbers': [65, 65, 65, 65, 30, 30, 30, 30, 16, 16, 16, 16, 16, 16, 16, 16, 16, 16, 16, 16], 'species': [65, 65, 65, 65, 30, 30, 30, 30, 16, 16, 16, 16, 16, 16, 16, 16, 16, 16, 16, 16], 'labels': ['Tb', 'Tb', 'Tb', 'Tb', 'Zn', 'Zn', 'Zn', 'Zn', 'S', 'S', 'S', 'S', 'S', 'S', 'S', 'S', 'S', 'S', 'S', 'S'], 'positions': [[6.478506e-10, 6.566925000000001e-10, 2.19915370000001e-11], [2.889306e-10, 6.566925000000001e-10, 2.930734629999999e-10], [4.2890940000000004e-10, 2.1889750000000002e-10, 3.3705653700000014e-10], [6.998940000000001e-11, 2.1889750000000002e-10, 6.08138463e-10], [0.0, 4.3779500000000004e-10, 3.1506500000000004e-10], [0.0, 0.0, 3.1506500000000004e-10], [3.5892e-10, 0.0, 0.0], [3.5892e-10, 4.3779500000000004e-10, 0.0], [5.87264904e-10, 4.736941900000004e-11, 5.128628070000001e-10], [5.87264904e-10, 3.90425581e-10, 5.128628070000001e-10], [2.2834490399999995e-10, 3.90425581e-10, 4.3233219299999996e-10], [4.89495096e-10, 8.282205810000001e-10, 1.9779780700000004e-10], [1.3057509600000002e-10, 4.851644190000001e-10, 1.17267193e-10], [4.89495096e-10, 4.851644190000001e-10, 1.9779780700000004e-10], [2.2834490399999995e-10, 4.736941900000004e-11, 4.3233219299999996e-10], [1.3057509600000002e-10, 8.282205810000001e-10, 1.17267193e-10], [6.994632960000001e-10, 2.1889750000000002e-10, 2.35920672e-10], [3.40543296e-10, 2.1889750000000002e-10, 7.914432799999996e-11], [3.77296704e-10, 6.566925000000001e-10, 5.50985672e-10], [1.8376704e-11, 6.566925000000001e-10, 3.9420932800000005e-10]], 'lattice_vectors': [[7.1784e-10, 0.0, 0.0], [0.0, 8.755900000000001e-10, 0.0], [0.0, 0.0, 6.301300000000001e-10]], 'periodic': [True, True, True]}",7.1784,8.7559,6.3013,90.0,90.0,90.0,396.0578304863282,0.0504976759970672,5.375006494622562,2.442429780960083,0.09276104718446732
SrUSe3,1,"{'m_def': 'nomad.datamodel.metainfo.system.Atoms', 'm_def_id': '7d051e8be40aed92f0e7c7b537dcc0bd10f5eafe', 'atomic_numbers': [38, 38, 38, 38, 92, 92, 92, 92, 34, 34, 34, 34, 34, 34, 34, 34, 34, 34, 34, 34], 'species': [38, 38, 38, 38, 92, 92, 92, 92, 34, 34, 34, 34, 34, 34, 34, 34, 34, 34, 34, 34], 'labels': ['Sr', 'Sr', 'Sr', 'Sr', 'U', 'U', 'U', 'U', 'Se', 'Se', 'Se', 'Se', 'Se', 'Se', 'Se', 'Se', 'Se', 'Se', 'Se', 'Se'], 'positions': [[7.43769432e-10, 7.818150000000002e-10, 1.3048830000000045e-11], [3.4220943200000003e-10, 7.818150000000002e-10, 3.3772616999999993e-10], [4.60910568e-10, 2.6060500000000005e-10, 3.638238300000001e-10], [5.9350568e-11, 2.6060500000000005e-10, 6.8850117e-10], [0.0, 5.212100000000001e-10, 3.50775e-10], [0.0, 0.0, 3.50775e-10], [4.0156e-10, 0.0, 0.0], [4.0156e-10, 5.212100000000001e-10, 3.894384814628893e-26], [6.4370068e-10, 5.4518566000000015e-11, 5.6502837e-10], [6.4370068e-10, 4.66691434e-10, 5.6502837e-10], [2.4214068e-10, 4.66691434e-10, 4.8729663e-10], [5.6097932e-10, 9.879014340000002e-10, 2.1425337e-10], [1.5941932000000002e-10, 5.757285660000001e-10, 1.3652163e-10], [5.6097932e-10, 5.757285660000001e-10, 2.1425337e-10], [2.4214068e-10, 5.4518566000000015e-11, 4.8729663e-10], [1.5941932000000002e-10, 9.879014340000002e-10, 1.3652163e-10], [7.69710208e-10, 2.6060500000000005e-10, 2.6420373000000005e-10], [3.681502080000001e-10, 2.6060500000000005e-10, 8.657126999999998e-11], [4.34969792e-10, 7.818150000000002e-10, 6.149787300000001e-10], [3.3409792e-11, 7.818150000000002e-10, 4.3734627e-10]], 'lattice_vectors': [[8.0312e-10, 0.0, 0.0], [0.0, 1.0424200000000002e-09, 0.0], [0.0, 0.0, 7.0155e-10]], 'periodic': [True, True, True]}",8.0312,10.424200000000004,7.0155,90.0,90.0,90.0,587.32948722312,0.0340524363838082,6.361684558821597,2.6345858573913574,0.32798439264297485
UCeSe3,2,"{'m_def': 'nomad.datamodel.metainfo.system.Atoms', 'm_def_id': '7d051e8be40aed92f0e7c7b537dcc0bd10f5eafe', 'atomic_numbers': [58, 58, 58, 58, 92, 92, 92, 92, 34, 34, 34, 34, 34, 34, 34, 34, 34, 34, 34, 34], 'species': [58, 58, 58, 58, 92, 92, 92, 92, 34, 34, 34, 34, 34, 34, 34, 34, 34, 34, 34, 34], 'labels': ['Ce', 'Ce', 'Ce', 'Ce', 'U', 'U', 'U', 'U', 'Se', 'Se', 'Se', 'Se', 'Se', 'Se', 'Se', 'Se', 'Se', 'Se', 'Se', 'Se'], 'positions': [[0.0, 5.24625e-10, 3.12495e-10], [0.0, 0.0, 3.12495e-10], [4.1877000000000004e-10, 0.0, 0.0], [4.1877000000000004e-10, 5.24625e-10, 3.469391440802383e-26], [7.427304720000002e-10, 2.623125e-10, 5.92178025e-10], [3.2396047200000005e-10, 2.623125e-10, 3.4530697500000004e-10], [5.13579528e-10, 7.869375e-10, 2.7968302500000004e-10], [9.480952800000002e-11, 7.869375e-10, 3.2811975e-11], [6.81003774e-10, 6.05732025e-10, 1.0706078700000001e-10], [6.81003774e-10, 9.681429750000003e-10, 1.0706078700000001e-10], [2.6223377400000005e-10, 9.681429750000003e-10, 2.0543421300000003e-10], [5.753062260000001e-10, 4.4351797500000006e-10, 4.1955578700000003e-10], [1.5653622600000004e-10, 8.110702499999997e-11, 5.17929213e-10], [5.753062260000001e-10, 8.110702499999997e-11, 4.1955578700000003e-10], [2.6223377400000005e-10, 6.05732025e-10, 2.0543421300000003e-10], [1.5653622600000004e-10, 4.4351797500000006e-10, 5.17929213e-10], [7.816760820000001e-10, 7.869375e-10, 4.231807290000001e-10], [3.629060820000001e-10, 7.869375e-10, 5.14304271e-10], [4.74633918e-10, 2.623125e-10, 1.10685729e-10], [5.5863918e-11, 2.6231249999999997e-10, 2.0180927100000005e-10]], 'lattice_vectors': [[8.375400000000001e-10, 0.0, 0.0], [0.0, 1.04925e-09, 0.0], [0.0, 0.0, 6.2499e-10]], 'periodic': [True, True, True]}",8.3754,10.492500000000003,6.2499,90.0,90.0,90.0,549.2342402365505,0.0364143356965257,7.437794781142215,1.2743488550186157,0.06494053453207016
AlSnSe3,3,"{'m_def': 'nomad.datamodel.metainfo.system.Atoms', 'm_def_id': '7d051e8be40aed92f0e7c7b537dcc0bd10f5eafe', 'atomic_numbers': [13, 13, 13, 13, 50, 50, 50, 50, 34, 34, 34, 34, 34, 34, 34, 34, 34, 34, 34, 34], 'species': [13, 13, 13, 13, 50, 50, 50, 50, 34, 34, 34, 34, 34, 34, 34, 34, 34, 34, 34, 34], 'labels': ['Al', 'Al', 'Al', 'Al', 'Sn', 'Sn', 'Sn', 'Sn', 'Se', 'Se', 'Se', 'Se', 'Se', 'Se', 'Se', 'Se', 'Se', 'Se', 'Se', 'Se'], 'positions': [[0.0, 5.15435e-10, 3.6141000000000005e-10], [0.0, 0.0, 3.6141000000000005e-10], [3.46545e-10, 0.0, 0.0], [3.46545e-10, 5.15435e-10, 0.0], [6.664753440000001e-10, 7.731524999999999e-10, 6.881246400000001e-10], [3.19930344e-10, 7.731524999999999e-10, 3.9610536000000005e-10], [3.7315965600000004e-10, 2.577175e-10, 3.2671464000000004e-10], [2.6614656e-11, 2.577175e-10, 3.4695360000000004e-11], [5.64313878e-10, 4.5873714999999985e-11, 1.3552875e-10], [5.64313878e-10, 4.69561285e-10, 1.3552875e-10], [2.1776887800000005e-10, 4.69561285e-10, 2.2588124999999998e-10], [4.75321122e-10, 9.849962850000001e-10, 4.9693875e-10], [1.2877612199999997e-10, 5.613087150000001e-10, 5.8729125e-10], [4.75321122e-10, 5.613087150000001e-10, 4.9693875e-10], [2.1776887800000005e-10, 4.5873714999999985e-11, 2.2588124999999998e-10], [1.2877612199999997e-10, 9.849962850000001e-10, 5.8729125e-10], [6.91287966e-10, 7.731524999999999e-10, 2.9462143200000006e-10], [3.44742966e-10, 7.731524999999999e-10, 6.678856800000002e-11], [3.483470340000001e-10, 2.577175e-10, 6.560314320000001e-10], [1.802034e-12, 2.577175e-10, 4.2819856800000003e-10]], 'lattice_vectors': [[6.9309e-10, 0.0, 0.0], [0.0, 1.03087e-09, 0.0], [0.0, 0.0, 7.228200000000001e-10]], 'periodic': [True, True, True]}",6.9309,10.3087,7.228200000000001,90.0,90.0,90.0,516.4445452170062,0.0387263263504819,4.920373289915942,2.5434536933898926,0.18730342388153076
TbEuS3,4,"{'m_def': 'nomad.datamodel.metainfo.system.Atoms', 'm_def_id': '7d051e8be40aed92f0e7c7b537dcc0bd10f5eafe', 'atomic_numbers': [65, 65, 65, 65, 63, 63, 63, 63, 16, 16, 16, 16, 16, 16, 16, 16, 16, 16, 16, 16], 'species': [65, 65, 65, 65, 63, 63, 63, 63, 16, 16, 16, 16, 16, 16, 16, 16, 16, 16, 16, 16], 'labels': ['Tb', 'Tb', 'Tb', 'Tb', 'Eu', 'Eu', 'Eu', 'Eu', 'S', 'S', 'S', 'S', 'S', 'S', 'S', 'S', 'S', 'S', 'S', 'S'], 'positions': [[0.0, 4.6075999999999997e-10, 3.24975e-10], [0.0, 0.0, 3.24975e-10], [3.80775e-10, 0.0, 0.0], [3.80775e-10, 4.6075999999999997e-10, 0.0], [7.08317655e-10, 2.3037999999999998e-10, 6.321413700000001e-10], [3.27542655e-10, 2.3037999999999998e-10, 3.4278363e-10], [4.3400734499999994e-10, 6.9114e-10, 3.0716637000000005e-10], [5.3232345e-11, 6.9114e-10, 1.7808630000000002e-11], [6.08859225e-10, 5.436046479999999e-10, 1.2797515499999993e-10], [6.08859225e-10, 8.38675352e-10, 1.2797515499999993e-10], [2.28084225e-10, 8.38675352e-10, 1.969998450000001e-10], [5.33465775e-10, 3.7791535200000003e-10, 4.5295015499999994e-10], [1.5269077500000003e-10, 8.284464799999999e-11, 5.219748450000001e-10], [5.33465775e-10, 8.284464799999999e-11, 4.5295015499999994e-10], [2.28084225e-10, 5.436046479999999e-10, 1.969998450000001e-10], [1.5269077500000003e-10, 3.7791535200000003e-10, 5.219748450000001e-10], [7.048145250000001e-10, 6.9114e-10, 4.2071263500000004e-10], [3.24039525e-10, 6.9114e-10, 5.542123650000001e-10], [4.37510475e-10, 2.3037999999999998e-10, 9.573763500000001e-11], [5.6735475000000014e-11, 2.3037999999999998e-10, 2.2923736500000002e-10]], 'lattice_vectors': [[7.6155e-10, 0.0, 0.0], [0.0, 9.215199999999999e-10, 0.0], [0.0, 0.0, 6.4995e-10]], 'periodic': [True, True, True]}",7.6155,9.2152,6.4995,90.0,90.0,90.0,456.12422222219993,0.0438477042560064,5.9280295549978606,1.878277063369751,0.35343965888023376
YbEuSe3,5,"{'m_def': 'nomad.datamodel.metainfo.system.Atoms', 'm_def_id': '7d051e8be40aed92f0e7c7b537dcc0bd10f5eafe', 'atomic_numbers': [70, 70, 70, 70, 63, 63, 63, 63, 34, 34, 34, 34, 34, 34, 34, 34, 34, 34, 34, 34], 'species': [70, 70, 70, 70, 63, 63, 63, 63, 34, 34, 34, 34, 34, 34, 34, 34, 34, 34, 34, 34], 'labels': ['Yb', 'Yb', 'Yb', 'Yb', 'Eu', 'Eu', 'Eu', 'Eu', 'Se', 'Se', 'Se', 'Se', 'Se', 'Se', 'Se', 'Se', 'Se', 'Se', 'Se', 'Se'], 'positions': [[0.0, 4.478e-10, 3.94495e-10], [0.0, 0.0, 3.94495e-10], [4.2422500000000005e-10, 0.0, 0.0], [4.2422500000000005e-10, 4.478e-10, 0.0], [7.958461e-10, 2.239e-10, 2.445869000000081e-12], [3.7162110000000005e-10, 2.239e-10, 3.9204913099999995e-10], [4.768289000000002e-10, 6.717e-10, 3.969408690000001e-10], [5.260390000000001e-11, 6.717e-10, 7.865441309999999e-10], [6.787600000000001e-10, 5.328819999999999e-10, 1.4793562500000009e-10], [6.787600000000001e-10, 8.105179999999999e-10, 1.4793562500000009e-10], [2.54535e-10, 8.105179999999999e-10, 2.4655937500000003e-10], [5.93915e-10, 3.62718e-10, 5.424306250000001e-10], [1.6969000000000004e-10, 8.5082e-11, 6.410543749999999e-10], [5.93915e-10, 8.5082e-11, 5.424306250000001e-10], [2.54535e-10, 5.328819999999999e-10, 2.4655937500000003e-10], [1.6969000000000004e-10, 3.62718e-10, 6.410543749999999e-10], [6.94626015e-10, 6.717e-10, 5.51740707e-10], [2.7040101500000004e-10, 6.717e-10, 6.317442929999999e-10], [5.78048985e-10, 2.239e-10, 1.5724570700000004e-10], [1.53823985e-10, 2.239e-10, 2.3724929299999996e-10]], 'lattice_vectors': [[8.484500000000001e-10, 0.0, 0.0], [0.0, 8.956e-10, 0.0], [0.0, 0.0, 7.8899e-10]], 'periodic': [True, True, True]}",8.4845,8.956,7.8899,90.0,90.0,90.0,599.5312672618,0.03335939440047,6.225220486060615,1.249619960784912,0.07224298268556595
LuSmS3,6,"{'m_def': 'nomad.datamodel.metainfo.system.Atoms', 'm_def_id': '7d051e8be40aed92f0e7c7b537dcc0bd10f5eafe', 'atomic_numbers': [62, 62, 62, 62, 71, 71, 71, 71, 16, 16, 16, 16, 16, 16, 16, 16, 16, 16, 16, 16], 'species': [62, 62, 62, 62, 71, 71, 71, 71, 16, 16, 16, 16, 16, 16, 16, 16, 16, 16, 16, 16], 'labels': ['Sm', 'Sm', 'Sm', 'Sm', 'Lu', 'Lu', 'Lu', 'Lu', 'S', 'S', 'S', 'S', 'S', 'S', 'S', 'S', 'S', 'S', 'S', 'S'], 'positions': [[6.5631543e-10, 7.377225e-10, 2.99692866e-10], [2.9210043000000006e-10, 7.377225e-10, 3.0802133999999984e-11], [4.3632957000000003e-10, 2.459075e-10, 6.30187866e-10], [7.211456999999999e-11, 2.459075e-10, 3.61297134e-10], [0.0, 4.91815e-10, 0.0], [0.0, 0.0, 0.0], [3.64215e-10, 0.0, 3.30495e-10], [3.64215e-10, 4.91815e-10, 3.30495e-10], [5.949087810000001e-10, 7.180498999999995e-11, 4.47820725e-10], [5.949087810000001e-10, 4.2001001e-10, 4.47820725e-10], [2.30693781e-10, 4.2001001e-10, 5.43664275e-10], [4.97736219e-10, 9.118250100000002e-10, 1.1732572499999995e-10], [1.33521219e-10, 5.636199899999999e-10, 2.1316927500000005e-10], [4.97736219e-10, 5.636199899999999e-10, 1.1732572499999995e-10], [2.30693781e-10, 7.180498999999995e-11, 5.43664275e-10], [1.33521219e-10, 9.118250100000002e-10, 2.1316927500000005e-10], [6.910615410000001e-10, 2.459075e-10, 9.557915399999997e-11], [3.26846541e-10, 2.459075e-10, 2.3491584599999994e-10], [4.01583459e-10, 7.377225e-10, 4.2607415399999996e-10], [3.736845899999999e-11, 7.377225e-10, 5.65410846e-10]], 'lattice_vectors': [[7.2843e-10, 0.0, 0.0], [0.0, 9.8363e-10, 0.0], [0.0, 0.0, 6.6099e-10]], 'periodic': [True, True, True]}",7.2843,9.8363,6.6099,90.0,90.0,90.0,473.603037138891,0.0422294589173732,5.911730816001595,1.9182082414627075,0.30132246017456055
UPrSe3,7,"{'m_def': 'nomad.datamodel.metainfo.system.Atoms', 'm_def_id': '7d051e8be40aed92f0e7c7b537dcc0bd10f5eafe', 'atomic_numbers': [59, 59, 59, 59, 92, 92, 92, 92, 34, 34, 34, 34, 34, 34, 34, 34, 34, 34, 34, 34], 'species': [59, 59, 59, 59, 92, 92, 92, 92, 34, 34, 34, 34, 34, 34, 34, 34, 34, 34, 34, 34], 'labels': ['Pr', 'Pr', 'Pr', 'Pr', 'U', 'U', 'U', 'U', 'Se', 'Se', 'Se', 'Se', 'Se', 'Se', 'Se', 'Se', 'Se', 'Se', 'Se', 'Se'], 'positions': [[6.8926851e-10, 8.06955e-10, 6.067746550000001e-10], [3.0879351e-10, 8.06955e-10, 3.6614034500000003e-10], [4.5215649000000005e-10, 2.68985e-10, 2.82469655e-10], [7.168149000000001e-11, 2.68985e-10, 4.1835345e-11], [0.0, 5.3797e-10, 3.2430500000000005e-10], [0.0, 0.0, 3.2430500000000005e-10], [3.80475e-10, 0.0, 0.0], [3.80475e-10, 5.3797e-10, 0.0], [6.18880635e-10, 8.101828199999991e-11, 1.1610119000000003e-10], [6.18880635e-10, 4.5695171799999993e-10, 1.1610119000000003e-10], [2.38405635e-10, 4.5695171799999993e-10, 2.0820380999999998e-10], [5.225443650000001e-10, 9.94921718e-10, 4.4040619000000007e-10], [1.4206936500000002e-10, 6.18988282e-10, 5.3250881e-10], [5.225443650000001e-10, 6.18988282e-10, 4.4040619000000007e-10], [2.38405635e-10, 8.101828199999991e-11, 2.0820380999999998e-10], [1.4206936500000002e-10, 9.94921718e-10, 5.3250881e-10], [7.15369095e-10, 2.68985e-10, 4.33141758e-10], [3.34894095e-10, 2.68985e-10, 5.39773242e-10], [4.2605590500000003e-10, 8.06955e-10, 1.0883675799999997e-10], [4.5580905000000005e-11, 8.06955e-10, 2.1546824200000004e-10]], 'lattice_vectors': [[7.6095e-10, 0.0, 0.0], [0.0, 1.07594e-09, 0.0], [0.0, 0.0, 6.486100000000001e-10]], 'periodic': [True, True, True]}",7.609500000000001,10.7594,6.486100000000002,90.0,90.0,90.0,531.0407091552299,0.0376618960753793,7.702516507968895,1.547458291053772,0.07205416262149811
BaUS3,8,"{'m_def': 'nomad.datamodel.metainfo.system.Atoms', 'm_def_id': '7d051e8be40aed92f0e7c7b537dcc0bd10f5eafe', 'atomic_numbers': [56, 56, 56, 56, 92, 92, 92, 92, 16, 16, 16, 16, 16, 16, 16, 16, 16, 16, 16, 16], 'species': [56, 56, 56, 56, 92, 92, 92, 92, 16, 16, 16, 16, 16, 16, 16, 16, 16, 16, 16, 16], 'labels': ['Ba', 'Ba', 'Ba', 'Ba', 'U', 'U', 'U', 'U', 'S', 'S', 'S', 'S', 'S', 'S', 'S', 'S', 'S', 'S', 'S', 'S'], 'positions': [[7.14913404e-10, 2.597175e-10, 3.4717113000000007e-10], [3.3800840400000004e-10, 2.597175e-10, 1.3338869999999972e-11], [4.15801596e-10, 7.791525e-10, 7.076811300000002e-10], [3.8896596e-11, 7.791525e-10, 3.7384887e-10], [0.0, 5.19435e-10, 0.0], [0.0, 0.0, 0.0], [3.76905e-10, 0.0, 3.6051000000000003e-10], [3.76905e-10, 5.19435e-10, 3.6051000000000003e-10], [5.903839920000001e-10, 5.65664715e-10, 5.101216500000001e-10], [5.903839920000001e-10, 9.926402850000001e-10, 5.101216500000001e-10], [2.1347899200000003e-10, 9.926402850000001e-10, 5.7140835e-10], [5.40331008e-10, 4.73205285e-10, 1.4961165000000002e-10], [1.63426008e-10, 4.6229715e-11, 2.1089835e-10], [5.40331008e-10, 4.6229715e-11, 1.4961165000000002e-10], [2.1347899200000003e-10, 5.65664715e-10, 5.7140835e-10], [1.63426008e-10, 4.73205285e-10, 2.1089835e-10], [7.367738940000001e-10, 7.791525e-10, 6.316135200000002e-11], [3.5986889399999996e-10, 7.791525e-10, 2.973486479999999e-10], [3.93941106e-10, 2.597175e-10, 4.2367135200000005e-10], [1.7036105999999995e-11, 2.597175e-10, 6.57858648e-10]], 'lattice_vectors': [[7.5381e-10, 0.0, 0.0], [0.0, 1.03887e-09, 0.0], [0.0, 0.0, 7.210200000000001e-10]], 'periodic': [True, True, True]}",7.5381,10.3887,7.2102,90.0,90.0,90.0,564.638400990594,0.0354208994020106,5.5471162263568585,2.4481558799743652,0.04944099113345146
TbLaS3,9,"{'m_def': 'nomad.datamodel.metainfo.system.Atoms', 'm_def_id': '7d051e8be40aed92f0e7c7b537dcc0bd10f5eafe', 'atomic_numbers': [65, 65, 65, 65, 57, 57, 57, 57, 16, 16, 16, 16, 16, 16, 16, 16, 16, 16, 16, 16], 'species': [65, 65, 65, 65, 57, 57, 57, 57, 16, 16, 16, 16, 16, 16, 16, 16, 16, 16, 16, 16], 'labels': ['Tb', 'Tb', 'Tb', 'Tb', 'La', 'La', 'La', 'La', 'S', 'S', 'S', 'S', 'S', 'S', 'S', 'S', 'S', 'S', 'S', 'S'], 'positions': [[0.0, 4.97505e-10, 0.0], [0.0, 0.0, 0.0], [3.76425e-10, 0.0, 3.5418e-10], [3.76425e-10, 4.97505e-10, 3.5418e-10], [6.8147982e-10, 2.487525e-10, 3.3590431199999995e-10], [3.0505482e-10, 2.487525e-10, 1.827568800000003e-11], [4.477951800000001e-10, 7.462575000000001e-10, 6.900843119999999e-10], [7.137017999999998e-11, 7.462575000000001e-10, 3.72455688e-10], [6.094320750000001e-10, 5.707377360000001e-10, 4.849432560000001e-10], [6.094320750000001e-10, 9.217772640000002e-10, 4.849432560000001e-10], [2.33007075e-10, 9.217772640000002e-10, 5.775967439999999e-10], [5.19842925e-10, 4.2427226400000004e-10, 1.3076325600000004e-10], [1.4341792500000002e-10, 7.323273600000002e-11, 2.23416744e-10], [5.19842925e-10, 7.323273600000002e-11, 1.3076325600000004e-10], [2.33007075e-10, 5.707377360000001e-10, 5.775967439999999e-10], [1.4341792500000002e-10, 4.2427226400000004e-10, 2.23416744e-10], [7.08808275e-10, 7.462575000000001e-10, 1.0087046399999998e-10], [3.3238327500000006e-10, 7.462575000000001e-10, 2.5330953600000007e-10], [4.20466725e-10, 2.487525e-10, 4.55050464e-10], [4.4041725e-11, 2.487525e-10, 6.074895360000001e-10]], 'lattice_vectors': [[7.5285e-10, 0.0, 0.0], [0.0, 9.9501e-10, 0.0], [0.0, 0.0, 7.0836e-10]], 'periodic': [True, True, True]}",7.5285,9.9501,7.0836000000000015,90.0,90.0,90.0,530.6277147582603,0.0376912088150379,4.932235916635593,2.4063148498535156,0.16272582113742828
BaPrS3,10,"{'m_def': 'nomad.datamodel.metainfo.system.Atoms', 'm_def_id': '7d051e8be40aed92f0e7c7b537dcc0bd10f5eafe', 'atomic_numbers': [56, 56, 56, 56, 59, 59, 59, 59, 16, 16, 16, 16, 16, 16, 16, 16, 16, 16, 16, 16], 'species': [56, 56, 56, 56, 59, 59, 59, 59, 16, 16, 16, 16, 16, 16, 16, 16, 16, 16, 16, 16], 'labels': ['Ba', 'Ba', 'Ba', 'Ba', 'Pr', 'Pr', 'Pr', 'Pr', 'S', 'S', 'S', 'S', 'S', 'S', 'S', 'S', 'S', 'S', 'S', 'S'], 'positions': [[7.42483796e-10, 7.36875e-10, 3.7342639e-10], [3.40793796e-10, 7.36875e-10, 1.274360999999997e-11], [4.6258620399999996e-10, 2.4562499999999997e-10, 7.5959639e-10], [6.0896204e-11, 2.4562499999999997e-10, 3.9891360999999997e-10], [0.0, 4.912499999999999e-10, 0.0], [0.0, 0.0, 0.0], [4.0169e-10, 0.0, 3.8617e-10], [4.0169e-10, 4.912499999999999e-10, 3.8617e-10], [6.40615212e-10, 7.241025000000009e-11, 5.336869400000001e-10], [6.40615212e-10, 4.1883975e-10, 5.336869400000001e-10], [2.3892521199999997e-10, 4.1883975e-10, 6.2482306e-10], [5.64454788e-10, 9.1008975e-10, 1.4751694e-10], [1.6276478799999996e-10, 5.6366025e-10, 2.3865306e-10], [5.64454788e-10, 5.6366025e-10, 1.4751694e-10], [2.3892521199999997e-10, 7.241025000000009e-11, 6.2482306e-10], [1.6276478799999996e-10, 9.1008975e-10, 2.3865306e-10], [7.585513960000001e-10, 2.4562499999999997e-10, 1.0550164400000004e-10], [3.5686139599999995e-10, 2.4562499999999997e-10, 2.8066835599999993e-10], [4.465186039999999e-10, 7.36875e-10, 4.916716440000001e-10], [4.4828604000000004e-11, 7.36875e-10, 6.66838356e-10]], 'lattice_vectors': [[8.0338e-10, 0.0, 0.0], [0.0, 9.824999999999999e-10, 0.0], [0.0, 0.0, 7.7234e-10]], 'periodic': [True, True, True]}",8.0338,9.825,7.723400000000002,90.0,90.0,90.0,609.624065289,0.0328071038181846,4.079596576242707,2.3498172760009766,0.058722712099552155
EuScS3,11,"{'m_def': 'nomad.datamodel.metainfo.system.Atoms', 'm_def_id': '7d051e8be40aed92f0e7c7b537dcc0bd10f5eafe', 'atomic_numbers': [63, 63, 63, 63, 21, 21, 21, 21, 16, 16, 16, 16, 16, 16, 16, 16, 16, 16, 16, 16], 'species': [63, 63, 63, 63, 21, 21, 21, 21, 16, 16, 16, 16, 16, 16, 16, 16, 16, 16, 16, 16], 'labels': ['Eu', 'Eu', 'Eu', 'Eu', 'Sc', 'Sc', 'Sc', 'Sc', 'S', 'S', 'S', 'S', 'S', 'S', 'S', 'S', 'S', 'S', 'S', 'S'], 'positions': [[6.547722239999999e-10, 7.161825e-10, 2.323119999999991e-11], [2.9125222400000005e-10, 7.161825e-10, 3.039688000000001e-10], [4.357877760000001e-10, 2.387275e-10, 3.5043119999999986e-10], [7.226777600000001e-11, 2.387275e-10, 6.311688e-10], [0.0, 4.77455e-10, 3.2719999999999997e-10], [0.0, 0.0, 3.2719999999999997e-10], [3.6352000000000005e-10, 0.0, 0.0], [3.6352000000000005e-10, 4.77455e-10, 0.0], [5.86575872e-10, 5.5098307000000085e-11, 5.2541776e-10], [5.86575872e-10, 4.22356693e-10, 5.2541776e-10], [2.23055872e-10, 4.22356693e-10, 4.5618224000000007e-10], [5.039841280000002e-10, 8.99811693e-10, 1.9821776000000001e-10], [1.40464128e-10, 5.32553307e-10, 1.2898223999999998e-10], [5.039841280000002e-10, 5.32553307e-10, 1.9821776000000001e-10], [2.23055872e-10, 5.5098307000000085e-11, 4.5618224000000007e-10], [1.40464128e-10, 8.99811693e-10, 1.2898223999999998e-10], [7.03338496e-10, 2.387275e-10, 2.5874976e-10], [3.3981849600000003e-10, 2.387275e-10, 6.845024000000002e-11], [3.87221504e-10, 7.161825e-10, 5.859497599999999e-10], [2.3701504e-11, 7.161825e-10, 3.9565024e-10]], 'lattice_vectors': [[7.270400000000001e-10, 0.0, 0.0], [0.0, 9.5491e-10, 0.0], [0.0, 0.0, 6.543999999999999e-10]], 'periodic': [True, True, True]}",7.270400000000001,9.5491,6.544,90.0,90.0,90.0,454.3222823321602,0.0440216136821081,4.285317115071144,1.8435906171798706,0.7460940480232239
BaUSe3,12,"{'m_def': 'nomad.datamodel.metainfo.system.Atoms', 'm_def_id': '7d051e8be40aed92f0e7c7b537dcc0bd10f5eafe', 'atomic_numbers': [56, 56, 56, 56, 92, 92, 92, 92, 34, 34, 34, 34, 34, 34, 34, 34, 34, 34, 34, 34], 'species': [56, 56, 56, 56, 92, 92, 92, 92, 34, 34, 34, 34, 34, 34, 34, 34, 34, 34, 34, 34], 'labels': ['Ba', 'Ba', 'Ba', 'Ba', 'U', 'U', 'U', 'U', 'Se', 'Se', 'Se', 'Se', 'Se', 'Se', 'Se', 'Se', 'Se', 'Se', 'Se', 'Se'], 'positions': [[6.985241340000001e-10, 2.6861250000000004e-10, 7.35557396e-10], [3.29754134e-10, 2.6861250000000004e-10, 3.807276040000001e-10], [4.0778586599999997e-10, 8.058375e-10, 3.6346239600000007e-10], [3.9015866e-11, 8.058375e-10, 8.632604e-12], [0.0, 5.372250000000001e-10, 3.7209500000000005e-10], [0.0, 0.0, 3.7209500000000005e-10], [3.6877e-10, 0.0, 0.0], [3.6877e-10, 5.372250000000001e-10, 0.0], [5.76830034e-10, 5.848231350000001e-10, 1.5501477700000005e-10], [5.76830034e-10, 1.0268518650000002e-09, 1.5501477700000005e-10], [2.0806003400000004e-10, 1.0268518650000002e-09, 2.1708022300000005e-10], [5.29479966e-10, 4.89626865e-10, 5.271097770000001e-10], [1.60709966e-10, 4.7598135000000005e-11, 5.89175223e-10], [5.29479966e-10, 4.7598135000000005e-11, 5.271097770000001e-10], [2.0806003400000004e-10, 5.848231350000001e-10, 2.1708022300000005e-10], [1.60709966e-10, 4.89626865e-10, 5.89175223e-10], [7.210928580000001e-10, 8.058375e-10, 4.343837030000001e-10], [3.52322858e-10, 8.058375e-10, 6.819012970000001e-10], [3.85217142e-10, 2.6861250000000004e-10, 6.2288703e-11], [1.6447142e-11, 2.6861250000000004e-10, 3.09806297e-10]], 'lattice_vectors': [[7.3754e-10, 0.0, 0.0], [0.0, 1.0744500000000002e-09, 0.0], [0.0, 0.0, 7.441900000000001e-10]], 'periodic': [True, True, True]}",7.3754,10.744500000000004,7.441900000000002,90.0,90.0,90.0,589.73325610407,0.0339136377217814,6.895603308295587,2.4890973567962646,0.06587689369916916
CaUSe3,13,"{'m_def': 'nomad.datamodel.metainfo.system.Atoms', 'm_def_id': '7d051e8be40aed92f0e7c7b537dcc0bd10f5eafe', 'atomic_numbers': [20, 20, 20, 20, 92, 92, 92, 92, 34, 34, 34, 34, 34, 34, 34, 34, 34, 34, 34, 34], 'species': [20, 20, 20, 20, 92, 92, 92, 92, 34, 34, 34, 34, 34, 34, 34, 34, 34, 34, 34, 34], 'labels': ['Ca', 'Ca', 'Ca', 'Ca', 'U', 'U', 'U', 'U', 'Se', 'Se', 'Se', 'Se', 'Se', 'Se', 'Se', 'Se', 'Se', 'Se', 'Se', 'Se'], 'positions': [[7.231420000000001e-10, 2.52965e-10, 3.62510652e-10], [3.30642e-10, 2.52965e-10, 6.88854348e-10], [4.5435799999999995e-10, 7.588950000000001e-10, 1.2055651999999996e-11], [6.185799999999998e-11, 7.588950000000001e-10, 3.38399348e-10], [0.0, 5.0593e-10, 0.0], [0.0, 0.0, 0.0], [3.925e-10, 0.0, 3.50455e-10], [3.925e-10, 5.0593e-10, 3.50455e-10], [6.249385000000001e-10, 6.028661880000001e-10, 2.1440836899999997e-10], [6.249385000000001e-10, 9.149238120000002e-10, 2.1440836899999997e-10], [2.3243850000000001e-10, 9.149238120000002e-10, 1.3604663100000011e-10], [5.525615e-10, 4.0899381200000006e-10, 5.64863369e-10], [1.600615e-10, 9.6936188e-11, 4.865016310000001e-10], [5.525615e-10, 9.6936188e-11, 5.64863369e-10], [2.3243850000000001e-10, 6.028661880000001e-10, 1.3604663100000011e-10], [1.600615e-10, 4.0899381200000006e-10, 4.865016310000001e-10], [7.144285e-10, 7.588950000000001e-10, 5.75166746e-10], [3.2192850000000003e-10, 7.588950000000001e-10, 4.76198254e-10], [4.6307149999999995e-10, 2.52965e-10, 2.2471174600000003e-10], [7.057149999999998e-11, 2.52965e-10, 1.2574325400000003e-10]], 'lattice_vectors': [[7.85e-10, 0.0, 0.0], [0.0, 1.01186e-09, 0.0], [0.0, 0.0, 7.0091e-10]], 'periodic': [True, True, True]}",7.85,10.1186,7.0091,90.0,90.0,90.0,556.7398921909999,0.0359234182434669,6.144024497127365,2.3901314735412598,0.1431022733449936
CeScS3,14,"{'m_def': 'nomad.datamodel.metainfo.system.Atoms', 'm_def_id': '7d051e8be40aed92f0e7c7b537dcc0bd10f5eafe', 'atomic_numbers': [58, 58, 58, 58, 21, 21, 21, 21, 16, 16, 16, 16, 16, 16, 16, 16, 16, 16, 16, 16], 'species': [58, 58, 58, 58, 21, 21, 21, 21, 16, 16, 16, 16, 16, 16, 16, 16, 16, 16, 16, 16], 'labels': ['Ce', 'Ce', 'Ce', 'Ce', 'Sc', 'Sc', 'Sc', 'Sc', 'S', 'S', 'S', 'S', 'S', 'S', 'S', 'S', 'S', 'S', 'S', 'S'], 'positions': [[6.55147095e-10, 7.183875000000001e-10, 2.569909499999999e-11], [2.91782095e-10, 7.183875000000001e-10, 2.9960590500000007e-10], [4.3494790500000006e-10, 2.394625e-10, 3.51004095e-10], [7.1582905e-11, 2.394625e-10, 6.249109050000001e-10], [0.0, 4.78925e-10, 3.25305e-10], [0.0, 0.0, 3.25305e-10], [3.63365e-10, 0.0, 0.0], [3.63365e-10, 4.78925e-10, 3.6116110102568654e-26], [5.87633878e-10, 6.005719499999997e-11, 5.30051967e-10], [5.87633878e-10, 4.18867805e-10, 5.30051967e-10], [2.24268878e-10, 4.18867805e-10, 4.4586303300000004e-10], [5.02461122e-10, 8.977928050000001e-10, 2.0474696700000003e-10], [1.3909612200000001e-10, 5.38982195e-10, 1.20558033e-10], [5.02461122e-10, 5.38982195e-10, 2.0474696700000003e-10], [2.24268878e-10, 6.005719499999997e-11, 4.4586303300000004e-10], [1.3909612200000001e-10, 8.977928050000001e-10, 1.20558033e-10], [6.98460203e-10, 2.394625e-10, 2.430028350000001e-10], [3.3509520299999996e-10, 2.3946249999999994e-10, 8.23021649999999e-11], [3.9163479700000007e-10, 7.183874999999999e-10, 5.683078350000002e-10], [2.8269797e-11, 7.183875000000002e-10, 4.076071649999999e-10]], 'lattice_vectors': [[7.2673e-10, 0.0, 0.0], [0.0, 9.5785e-10, 0.0], [0.0, 0.0, 6.5061e-10]], 'periodic': [True, True, True]}",7.2673,9.5785,6.5061,90.0,90.0,90.0,452.8885348066052,0.0441609766264904,4.125118304175465,1.9945874214172363,0.13431794941425323
GdScS3,15,"{'m_def': 'nomad.datamodel.metainfo.system.Atoms', 'm_def_id': '7d051e8be40aed92f0e7c7b537dcc0bd10f5eafe', 'atomic_numbers': [64, 64, 64, 64, 21, 21, 21, 21, 16, 16, 16, 16, 16, 16, 16, 16, 16, 16, 16, 16], 'species': [64, 64, 64, 64, 21, 21, 21, 21, 16, 16, 16, 16, 16, 16, 16, 16, 16, 16, 16, 16], 'labels': ['Gd', 'Gd', 'Gd', 'Gd', 'Sc', 'Sc', 'Sc', 'Sc', 'S', 'S', 'S', 'S', 'S', 'S', 'S', 'S', 'S', 'S', 'S', 'S'], 'positions': [[4.2018313999999997e-10, 2.9141520000000003e-10, 4.70187168e-10], [6.285268600000001e-10, 6.094152000000001e-10, 9.47147168e-10], [2.7895686e-10, 3.445848e-10, 9.47147168e-10], [7.061314e-11, 2.65848e-11, 4.70187168e-10], [3.5236655999999997e-10, 6.335196e-10, 7.041837439999999e-10], [6.9634344e-10, 3.1551960000000004e-10, 2.2722374399999998e-10], [3.4677344e-10, 2.4804000000000095e-12, 2.2722374399999998e-10], [2.7965600000000004e-12, 3.2048040000000004e-10, 7.041837439999999e-10], [3.83058806e-10, 9.234719999999997e-11, 9.43999232e-10], [6.65651194e-10, 4.103472e-10, 4.67039232e-10], [3.16081194e-10, 5.436528e-10, 4.67039232e-10], [3.348880600000001e-11, 2.2565280000000003e-10, 9.43999232e-10], [4.75694856e-10, 4.313352e-10, 1.6121248e-10], [5.73015144e-10, 1.1333520000000001e-10, 6.3817248e-10], [2.23445144e-10, 2.0466480000000008e-10, 6.3817248e-10], [1.26124856e-10, 5.226648e-10, 1.6121248e-10], [4.767435660000001e-10, 4.324164e-10, 7.781125439999999e-10], [5.719664339999999e-10, 1.1441639999999998e-10, 3.0115254400000006e-10], [2.2239643399999995e-10, 2.0358360000000007e-10, 3.0115254400000006e-10], [1.2717356600000004e-10, 5.215836000000001e-10, 7.781125439999999e-10]], 'lattice_vectors': [[6.9914e-10, 0.0, 0.0], [0.0, 6.360000000000001e-10, 0.0], [0.0, 0.0, 9.5392e-10]], 'periodic': [True, True, True]}",6.9914000000000005,6.360000000000002,9.5392,90.0,90.0,90.0,424.1634279168,0.0471516370428876,4.672787326441099,2.054058790206909,0.11090867966413498
SmZrS3,16,"{'m_def': 'nomad.datamodel.metainfo.system.Atoms', 'm_def_id': '7d051e8be40aed92f0e7c7b537dcc0bd10f5eafe', 'atomic_numbers': [62, 62, 62, 62, 40, 40, 40, 40, 16, 16, 16, 16, 16, 16, 16, 16, 16, 16, 16, 16], 'species': [62, 62, 62, 62, 40, 40, 40, 40, 16, 16, 16, 16, 16, 16, 16, 16, 16, 16, 16, 16], 'labels': ['Sm', 'Sm', 'Sm', 'Sm', 'Zr', 'Zr', 'Zr', 'Zr', 'S', 'S', 'S', 'S', 'S', 'S', 'S', 'S', 'S', 'S', 'S', 'S'], 'positions': [[6.47879795e-10, 7.063875e-10, 6.22341295e-10], [2.84514795e-10, 7.063875e-10, 3.50573705e-10], [4.4221520500000004e-10, 2.354625e-10, 2.98036295e-10], [7.8850205e-11, 2.354625e-10, 2.6268705000000005e-11], [0.0, 4.70925e-10, 3.2430500000000005e-10], [0.0, 0.0, 3.2430500000000005e-10], [3.63365e-10, 0.0, 0.0], [3.63365e-10, 4.70925e-10, 0.0], [5.920669309999999e-10, 6.489346499999996e-11, 1.1999285000000005e-10], [5.920669309999999e-10, 4.0603153500000006e-10, 1.1999285000000005e-10], [2.2870193099999998e-10, 4.0603153500000006e-10, 2.0431214999999998e-10], [4.98028069e-10, 8.769565350000001e-10, 4.442978500000001e-10], [1.3466306899999998e-10, 5.358184649999999e-10, 5.2861715e-10], [4.98028069e-10, 5.358184649999999e-10, 4.442978500000001e-10], [2.2870193099999998e-10, 6.489346499999996e-11, 2.0431214999999998e-10], [1.3466306899999998e-10, 8.769565350000001e-10, 5.2861715e-10], [6.91338249e-10, 2.354625e-10, 4.1738053500000007e-10], [3.27973249e-10, 2.354625e-10, 5.555344650000001e-10], [3.9875675099999997e-10, 7.063875e-10, 9.307553500000003e-11], [3.5391751e-11, 7.063875e-10, 2.3122946500000003e-10]], 'lattice_vectors': [[7.2673e-10, 0.0, 0.0], [0.0, 9.4185e-10, 0.0], [0.0, 0.0, 6.486100000000001e-10]], 'periodic': [True, True, True]}",7.2673,9.4185,6.486100000000002,90.0,90.0,90.0,443.9545086208052,0.045049660745945,5.053627930512186,1.8339335918426514,0.08504167199134827
UInS3,17,"{'m_def': 'nomad.datamodel.metainfo.system.Atoms', 'm_def_id': '7d051e8be40aed92f0e7c7b537dcc0bd10f5eafe', 'atomic_numbers': [92, 92, 92, 92, 49, 49, 49, 49, 16, 16, 16, 16, 16, 16, 16, 16, 16, 16, 16, 16], 'species': [92, 92, 92, 92, 49, 49, 49, 49, 16, 16, 16, 16, 16, 16, 16, 16, 16, 16, 16, 16], 'labels': ['U', 'U', 'U', 'U', 'In', 'In', 'In', 'In', 'S', 'S', 'S', 'S', 'S', 'S', 'S', 'S', 'S', 'S', 'S', 'S'], 'positions': [[0.0, 4.8879e-10, 3.2625000000000004e-10], [0.0, 0.0, 3.2625000000000004e-10], [3.6546e-10, 0.0, 0.0], [3.6546e-10, 4.8879e-10, 0.0], [7.04022144e-10, 2.44395e-10, 6.434955000000001e-10], [3.38562144e-10, 2.44395e-10, 3.3525450000000004e-10], [3.9235785599999993e-10, 7.331850000000001e-10, 3.1724550000000003e-10], [2.6897856e-11, 7.331850000000001e-10, 9.004500000000001e-12], [5.98696572e-10, 5.6064213e-10, 1.1868974999999998e-10], [5.98696572e-10, 9.0572787e-10, 1.1868974999999998e-10], [2.3323657199999997e-10, 9.0572787e-10, 2.0756025000000006e-10], [4.976834280000001e-10, 4.1693787000000003e-10, 4.4493975e-10], [1.3222342800000002e-10, 7.185213000000002e-11, 5.338102500000001e-10], [4.976834280000001e-10, 7.185213000000002e-11, 4.4493975e-10], [2.3323657199999997e-10, 5.6064213e-10, 2.0756025000000006e-10], [1.3222342800000002e-10, 4.1693787000000003e-10, 5.338102500000001e-10], [6.8487204e-10, 7.331850000000001e-10, 4.1290200000000006e-10], [3.1941204000000003e-10, 7.331850000000001e-10, 5.65848e-10], [4.1150795999999997e-10, 2.44395e-10, 8.665199999999998e-11], [4.6047960000000004e-11, 2.44395e-10, 2.39598e-10]], 'lattice_vectors': [[7.3092e-10, 0.0, 0.0], [0.0, 9.7758e-10, 0.0], [0.0, 0.0, 6.525000000000001e-10]], 'periodic': [True, True, True]}",7.3092,9.7758,6.525,90.0,90.0,90.0,466.2326347740002,0.0428970400360213,6.397249609083264,1.4623020887374878,0.06726232916116714
UBiS3,18,"{'m_def': 'nomad.datamodel.metainfo.system.Atoms', 'm_def_id': '7d051e8be40aed92f0e7c7b537dcc0bd10f5eafe', 'atomic_numbers': [92, 92, 92, 92, 83, 83, 83, 83, 16, 16, 16, 16, 16, 16, 16, 16, 16, 16, 16, 16], 'species': [92, 92, 92, 92, 83, 83, 83, 83, 16, 16, 16, 16, 16, 16, 16, 16, 16, 16, 16, 16], 'labels': ['U', 'U', 'U', 'U', 'Bi', 'Bi', 'Bi', 'Bi', 'S', 'S', 'S', 'S', 'S', 'S', 'S', 'S', 'S', 'S', 'S', 'S'], 'positions': [[6.744485e-10, 7.44855e-10, 3.498406440000001e-10], [3.019485e-10, 7.44855e-10, 6.37294356e-10], [4.430515e-10, 2.48285e-10, 2.0795644000000046e-11], [7.055150000000002e-11, 2.48285e-10, 3.082493559999999e-10], [0.0, 4.9657e-10, 0.0], [0.0, 0.0, 0.0], [3.725e-10, 0.0, 3.2904499999999997e-10], [3.725e-10, 4.9657e-10, 3.2904499999999997e-10], [6.702765e-10, 5.65791858e-10, 2.3770210799999997e-10], [6.702765e-10, 9.23918142e-10, 2.3770210799999997e-10], [2.9777650000000005e-10, 9.23918142e-10, 9.134289200000002e-11], [4.4722350000000006e-10, 4.2734814200000005e-10, 5.66747108e-10], [7.47235e-11, 6.922185800000001e-11, 4.2038789200000003e-10], [4.4722350000000006e-10, 6.922185800000001e-11, 5.66747108e-10], [2.9777650000000005e-10, 5.65791858e-10, 9.134289200000002e-11], [7.47235e-11, 4.2734814200000005e-10, 4.2038789200000003e-10], [6.90466e-10, 7.44855e-10, 5.660232090000001e-10], [3.17966e-10, 7.44855e-10, 4.2111179099999996e-10], [4.27034e-10, 2.48285e-10, 2.36978209e-10], [5.4534000000000007e-11, 2.48285e-10, 9.2066791e-11]], 'lattice_vectors': [[7.45e-10, 0.0, 0.0], [0.0, 9.9314e-10, 0.0], [0.0, 0.0, 6.580899999999999e-10]], 'periodic': [True, True, True]}",7.45,9.9314,6.5809,90.0,90.0,90.0,486.9137494370001,0.0410750364374085,7.410034982201211,1.2760939598083496,0.026424942538142204
UScS3,19,"{'m_def': 'nomad.datamodel.metainfo.system.Atoms', 'm_def_id': '7d051e8be40aed92f0e7c7b537dcc0bd10f5eafe', 'atomic_numbers': [21, 21, 21, 21, 92, 92, 92, 92, 16, 16, 16, 16, 16, 16, 16, 16, 16, 16, 16, 16], 'species': [21, 21, 21, 21, 92, 92, 92, 92, 16, 16, 16, 16, 16, 16, 16, 16, 16, 16, 16, 16], 'labels': ['Sc', 'Sc', 'Sc', 'Sc', 'U', 'U', 'U', 'U', 'S', 'S', 'S', 'S', 'S', 'S', 'S', 'S', 'S', 'S', 'S', 'S'], 'positions': [[0.0, 4.4477500000000005e-10, 3.1293e-10], [0.0, 0.0, 3.1293e-10], [3.5541e-10, 0.0, 0.0], [3.5541e-10, 4.4477500000000005e-10, 0.0], [6.32487636e-10, 6.671625000000001e-10, 5.98384746e-10], [2.77077636e-10, 6.671625000000001e-10, 3.4040525400000003e-10], [4.33742364e-10, 2.2238750000000002e-10, 2.85454746e-10], [7.833236400000001e-11, 2.2238750000000002e-10, 2.7475254000000005e-11], [5.786785620000001e-10, 5.826552500000011e-11, 1.063336140000001e-10], [5.786785620000001e-10, 3.86509475e-10, 1.063336140000001e-10], [2.2326856200000003e-10, 3.86509475e-10, 2.0659638599999993e-10], [4.87551438e-10, 8.31284475e-10, 4.1926361400000014e-10], [1.3214143799999999e-10, 5.03040525e-10, 5.195263859999999e-10], [4.87551438e-10, 5.03040525e-10, 4.1926361400000014e-10], [2.2326856200000003e-10, 5.826552500000011e-11, 2.0659638599999993e-10], [1.3214143799999999e-10, 8.31284475e-10, 5.195263859999999e-10], [6.73928442e-10, 2.2238750000000002e-10, 4.085614080000001e-10], [3.18518442e-10, 2.2238750000000002e-10, 5.302285920000001e-10], [3.9230155800000006e-10, 6.671625000000001e-10, 9.5631408e-11], [3.6891558e-11, 6.671625000000001e-10, 2.1729859200000005e-10]], 'lattice_vectors': [[7.1082e-10, 0.0, 0.0], [0.0, 8.895500000000001e-10, 0.0], [0.0, 0.0, 6.2586e-10]], 'periodic': [True, True, True]}",7.1082,8.8955,6.2586,90.0,90.0,90.0,395.7374934156602,0.0505385522796374,6.364248210525658,1.4535861015319824,0.07797295600175858
SrPrS3,20,"{'m_def': 'nomad.datamodel.metainfo.system.Atoms', 'm_def_id': '7d051e8be40aed92f0e7c7b537dcc0bd10f5eafe', 'atomic_numbers': [38, 38, 38, 38, 59, 59, 59, 59, 16, 16, 16, 16, 16, 16, 16, 16, 16, 16, 16, 16], 'species': [38, 38, 38, 38, 59, 59, 59, 59, 16, 16, 16, 16, 16, 16, 16, 16, 16, 16, 16, 16], 'labels': ['Sr', 'Sr', 'Sr', 'Sr', 'Pr', 'Pr', 'Pr', 'Pr', 'S', 'S', 'S', 'S', 'S', 'S', 'S', 'S', 'S', 'S', 'S', 'S'], 'positions': [[7.25009324e-10, 7.162350000000001e-10, 1.153819999999997e-11], [3.31239324e-10, 7.162350000000001e-10, 3.6066180000000013e-10], [4.5630067600000007e-10, 2.38745e-10, 3.837382e-10], [6.253067599999999e-11, 2.38745e-10, 7.328618e-10], [0.0, 4.7749e-10, 3.722e-10], [0.0, 0.0, 3.722e-10], [3.9377000000000003e-10, 0.0, 0.0], [3.9377000000000003e-10, 4.7749e-10, 4.132250097654833e-26], [6.25149252e-10, 8.824015200000003e-11, 5.8762936e-10], [6.25149252e-10, 3.89249848e-10, 5.8762936e-10], [2.3137925200000004e-10, 3.89249848e-10, 5.2897064e-10], [5.561607479999999e-10, 8.667398479999999e-10, 2.1542936e-10], [1.62390748e-10, 5.65730152e-10, 1.5677064e-10], [5.561607479999999e-10, 5.65730152e-10, 2.1542936e-10], [2.3137925200000004e-10, 8.824015200000003e-11, 5.2897064e-10], [1.62390748e-10, 8.667398479999999e-10, 1.5677064e-10], [7.13038716e-10, 2.38745e-10, 2.522027200000001e-10], [3.19268716e-10, 2.387449999999999e-10, 1.1999728e-10], [4.68271284e-10, 7.162349999999999e-10, 6.244027200000001e-10], [7.4501284e-11, 7.162350000000002e-10, 4.921972799999999e-10]], 'lattice_vectors': [[7.875400000000001e-10, 0.0, 0.0], [0.0, 9.5498e-10, 0.0], [0.0, 0.0, 7.444e-10]], 'periodic': [True, True, True]}",7.875400000000002,9.5498,7.444,90.0,90.0,90.0,559.8520361844805,0.035723724676085,3.852551117349548,2.469003438949585,0.08719480782747269
CeCdS3,21,"{'m_def': 'nomad.datamodel.metainfo.system.Atoms', 'm_def_id': '7d051e8be40aed92f0e7c7b537dcc0bd10f5eafe', 'atomic_numbers': [58, 58, 58, 58, 48, 48, 48, 48, 16, 16, 16, 16, 16, 16, 16, 16, 16, 16, 16, 16], 'species': [58, 58, 58, 58, 48, 48, 48, 48, 16, 16, 16, 16, 16, 16, 16, 16, 16, 16, 16, 16], 'labels': ['Ce', 'Ce', 'Ce', 'Ce', 'Cd', 'Cd', 'Cd', 'Cd', 'S', 'S', 'S', 'S', 'S', 'S', 'S', 'S', 'S', 'S', 'S', 'S'], 'positions': [[6.642285240000001e-10, 7.2339e-10, 2.0266944999999983e-11], [2.9545852400000003e-10, 7.2339e-10, 3.11978055e-10], [4.42081476e-10, 2.4113e-10, 3.52511945e-10], [7.331147599999999e-11, 2.4113e-10, 6.44223055e-10], [0.0, 4.8226e-10, 3.32245e-10], [0.0, 0.0, 3.32245e-10], [3.6877e-10, 0.0, 0.0], [3.6877e-10, 4.8226e-10, 0.0], [6.00210052e-10, 6.018604800000002e-11, 5.37040818e-10], [6.00210052e-10, 4.220739520000001e-10, 5.37040818e-10], [2.31440052e-10, 4.220739520000001e-10, 4.59694182e-10], [5.06099948e-10, 9.04333952e-10, 2.0479581800000003e-10], [1.37329948e-10, 5.42446048e-10, 1.27449182e-10], [5.06099948e-10, 5.42446048e-10, 2.0479581800000003e-10], [2.31440052e-10, 6.018604800000002e-11, 4.59694182e-10], [1.37329948e-10, 9.04333952e-10, 1.27449182e-10], [7.13496196e-10, 2.4113e-10, 2.51708812e-10], [3.44726196e-10, 2.4113e-10, 8.053618799999998e-11], [3.92813804e-10, 7.2339e-10, 5.83953812e-10], [2.4043803999999997e-11, 7.2339e-10, 4.12781188e-10]], 'lattice_vectors': [[7.3754e-10, 0.0, 0.0], [0.0, 9.6452e-10, 0.0], [0.0, 0.0, 6.6449e-10]], 'periodic': [True, True, True]}",7.3754,9.6452,6.644900000000001,90.0,90.0,90.0,472.6996339707919,0.0423101660392565,4.900079996488432,2.074460983276367,0.06353512406349182
PrScS3,22,"{'m_def': 'nomad.datamodel.metainfo.system.Atoms', 'm_def_id': '7d051e8be40aed92f0e7c7b537dcc0bd10f5eafe', 'atomic_numbers': [59, 59, 59, 59, 21, 21, 21, 21, 16, 16, 16, 16, 16, 16, 16, 16, 16, 16, 16, 16], 'species': [59, 59, 59, 59, 21, 21, 21, 21, 16, 16, 16, 16, 16, 16, 16, 16, 16, 16, 16, 16], 'labels': ['Pr', 'Pr', 'Pr', 'Pr', 'Sc', 'Sc', 'Sc', 'Sc', 'S', 'S', 'S', 'S', 'S', 'S', 'S', 'S', 'S', 'S', 'S', 'S'], 'positions': [[6.513955040000001e-10, 7.2432e-10, 2.4298712000000002e-11], [2.89830504e-10, 7.2432e-10, 3.0142128799999995e-10], [4.33299496e-10, 2.4144e-10, 3.5001871200000003e-10], [7.1734496e-11, 2.4144e-10, 6.27141288e-10], [0.0, 4.8288e-10, 3.2572000000000004e-10], [0.0, 0.0, 3.2572000000000004e-10], [3.6156500000000003e-10, 0.0, 0.0], [3.6156500000000003e-10, 4.8288e-10, 0.0], [5.86530743e-10, 5.7655871999999877e-11, 5.34767096e-10], [5.86530743e-10, 4.2522412800000017e-10, 5.34767096e-10], [2.24965743e-10, 4.2522412800000017e-10, 4.4239290400000003e-10], [4.981642570000001e-10, 9.081041280000001e-10, 2.09047096e-10], [1.3659925700000003e-10, 5.405358719999999e-10, 1.1667290400000002e-10], [4.981642570000001e-10, 5.405358719999999e-10, 2.09047096e-10], [2.24965743e-10, 5.7655871999999877e-11, 4.4239290400000003e-10], [1.3659925700000003e-10, 9.081041280000001e-10, 1.1667290400000002e-10], [6.97965076e-10, 2.4144e-10, 2.4611403200000004e-10], [3.36400076e-10, 2.414400000000001e-10, 7.960596799999992e-11], [3.8672992399999995e-10, 7.243200000000001e-10, 5.71834032e-10], [2.5164924e-11, 7.243199999999999e-10, 4.0532596800000004e-10]], 'lattice_vectors': [[7.231300000000001e-10, 0.0, 0.0], [0.0, 9.6576e-10, 0.0], [0.0, 0.0, 6.514400000000001e-10]], 'periodic': [True, True, True]}",7.231300000000002,9.6576,6.514400000000002,90.0,90.0,90.0,454.946171561472,0.0439612447585958,4.118019152172233,2.31441330909729,0.2831892669200897
HfCuS3,23,"{'m_def': 'nomad.datamodel.metainfo.system.Atoms', 'm_def_id': '7d051e8be40aed92f0e7c7b537dcc0bd10f5eafe', 'atomic_numbers': [72, 72, 72, 72, 29, 29, 29, 29, 16, 16, 16, 16, 16, 16, 16, 16, 16, 16, 16, 16], 'species': [72, 72, 72, 72, 29, 29, 29, 29, 16, 16, 16, 16, 16, 16, 16, 16, 16, 16, 16, 16], 'labels': ['Hf', 'Hf', 'Hf', 'Hf', 'Cu', 'Cu', 'Cu', 'Cu', 'S', 'S', 'S', 'S', 'S', 'S', 'S', 'S', 'S', 'S', 'S', 'S'], 'positions': [[0.0, 4.12815e-10, 3.10495e-10], [0.0, 0.0, 3.10495e-10], [3.7421500000000004e-10, 0.0, 0.0], [3.7421500000000004e-10, 4.12815e-10, 0.0], [6.943185110000001e-10, 2.064075e-10, 5.651008999999999e-12], [3.20103511e-10, 2.064075e-10, 3.0484399099999994e-10], [4.283264890000001e-10, 6.192225e-10, 3.1614600900000006e-10], [5.4111489e-11, 6.192225e-10, 6.153389910000001e-10], [6.07201259e-10, 4.747372499999999e-10, 5.405717950000001e-10], [6.07201259e-10, 7.6370775e-10, 5.405717950000001e-10], [2.3298625900000003e-10, 7.6370775e-10, 3.90913205e-10], [5.15443741e-10, 3.5089275e-10, 2.30076795e-10], [1.41228741e-10, 6.192224999999998e-11, 8.041820500000001e-11], [5.15443741e-10, 6.192224999999998e-11, 2.30076795e-10], [2.3298625900000003e-10, 4.747372499999999e-10, 3.90913205e-10], [1.41228741e-10, 3.5089275e-10, 8.041820500000001e-11], [7.02551241e-10, 6.192225e-10, 2.3200186400000004e-10], [3.28336241e-10, 6.192225e-10, 7.849313599999992e-11], [4.2009375900000005e-10, 2.064075e-10, 5.424968640000001e-10], [4.5878759e-11, 2.064075e-10, 3.8898813600000003e-10]], 'lattice_vectors': [[7.484300000000001e-10, 0.0, 0.0], [0.0, 8.2563e-10, 0.0], [0.0, 0.0, 6.2099e-10]], 'periodic': [True, True, True]}",7.484300000000002,8.2563,6.2099,90.0,90.0,90.0,383.7260287562911,0.0521205195926446,5.854654078486694,1.430194616317749,0.2378503382205963
TbLaSe3,24,"{'m_def': 'nomad.datamodel.metainfo.system.Atoms', 'm_def_id': '7d051e8be40aed92f0e7c7b537dcc0bd10f5eafe', 'atomic_numbers': [65, 65, 65, 65, 57, 57, 57, 57, 34, 34, 34, 34, 34, 34, 34, 34, 34, 34, 34, 34], 'species': [65, 65, 65, 65, 57, 57, 57, 57, 34, 34, 34, 34, 34, 34, 34, 34, 34, 34, 34, 34], 'labels': ['Tb', 'Tb', 'Tb', 'Tb', 'La', 'La', 'La', 'La', 'Se', 'Se', 'Se', 'Se', 'Se', 'Se', 'Se', 'Se', 'Se', 'Se', 'Se', 'Se'], 'positions': [[0.0, 5.0904e-10, 0.0], [0.0, 0.0, 0.0], [3.96715e-10, 0.0, 3.74605e-10], [3.96715e-10, 5.0904e-10, 3.74605e-10], [6.7679579e-10, 2.5452e-10, 3.4029118199999994e-10], [2.8008079000000003e-10, 2.5452e-10, 3.431381800000005e-11], [5.133492100000001e-10, 7.6356e-10, 7.148961819999999e-10], [1.1663421e-10, 7.6356e-10, 4.089188180000001e-10], [6.582295280000001e-10, 5.654416320000001e-10, 5.048176979999999e-10], [6.582295280000001e-10, 9.61678368e-10, 5.048176979999999e-10], [2.6151452800000004e-10, 9.61678368e-10, 6.18997302e-10], [5.31915472e-10, 4.52638368e-10, 1.30212698e-10], [1.35200472e-10, 5.640163199999999e-11, 2.4439230199999997e-10], [5.31915472e-10, 5.640163199999999e-11, 1.30212698e-10], [2.6151452800000004e-10, 5.654416320000001e-10, 6.18997302e-10], [1.35200472e-10, 4.52638368e-10, 2.4439230199999997e-10], [7.7121396e-10, 7.6356e-10, 1.1193197399999991e-10], [3.7449896e-10, 7.6356e-10, 2.62673026e-10], [4.1893104e-10, 2.5452e-10, 4.865369739999999e-10], [2.221604e-11, 2.5452e-10, 6.372780260000001e-10]], 'lattice_vectors': [[7.9343e-10, 0.0, 0.0], [0.0, 1.01808e-09, 0.0], [0.0, 0.0, 7.4921e-10]], 'periodic': [True, True, True]}",7.9343,10.180800000000003,7.492100000000001,90.0,90.0,90.0,605.1932683806243,0.0330472942197721,5.868592752593654,1.7083158493041992,0.10071174800395966
UEuSe3,25,"{'m_def': 'nomad.datamodel.metainfo.system.Atoms', 'm_def_id': '7d051e8be40aed92f0e7c7b537dcc0bd10f5eafe', 'atomic_numbers': [63, 63, 63, 63, 92, 92, 92, 92, 34, 34, 34, 34, 34, 34, 34, 34, 34, 34, 34, 34], 'species': [63, 63, 63, 63, 92, 92, 92, 92, 34, 34, 34, 34, 34, 34, 34, 34, 34, 34, 34, 34], 'labels': ['Eu', 'Eu', 'Eu', 'Eu', 'U', 'U', 'U', 'U', 'Se', 'Se', 'Se', 'Se', 'Se', 'Se', 'Se', 'Se', 'Se', 'Se', 'Se', 'Se'], 'positions': [[6.89004658e-10, 2.52585e-10, 2.372239999999998e-11], [3.14789658e-10, 2.52585e-10, 3.412376e-10], [4.33640342e-10, 7.57755e-10, 3.886824e-10], [5.942534200000001e-11, 7.57755e-10, 7.061976000000001e-10], [0.0, 5.0517e-10, 3.6496e-10], [0.0, 0.0, 3.6496e-10], [3.7421500000000004e-10, 0.0, 0.0], [3.7421500000000004e-10, 5.0517e-10, 0.0], [5.98669157e-10, 5.75590698e-10, 5.80140416e-10], [5.98669157e-10, 9.39919302e-10, 5.80140416e-10], [2.2445415699999997e-10, 9.39919302e-10, 5.147395840000001e-10], [5.23975843e-10, 4.347493020000001e-10, 2.1518041600000003e-10], [1.4976084300000004e-10, 7.0420698e-11, 1.4977958400000002e-10], [5.23975843e-10, 7.0420698e-11, 2.1518041600000003e-10], [2.2445415699999997e-10, 5.75590698e-10, 5.147395840000001e-10], [1.4976084300000004e-10, 4.347493020000001e-10, 1.4977958400000002e-10], [7.083141520000001e-10, 7.57755e-10, 2.6496095999999997e-10], [3.3409915200000004e-10, 7.57755e-10, 9.999904e-11], [4.1433084800000003e-10, 2.52585e-10, 6.299209600000001e-10], [4.011584800000001e-11, 2.52585e-10, 4.6495904000000003e-10]], 'lattice_vectors': [[7.484300000000001e-10, 0.0, 0.0], [0.0, 1.01034e-09, 0.0], [0.0, 0.0, 7.2992e-10]], 'periodic': [True, True, True]}",7.484300000000002,10.1034,7.2992,90.0,90.0,90.0,551.9427058247041,0.0362356450931194,7.543876908362825,1.2947053909301758,0.09478836506605148
TmEuS3,26,"{'m_def': 'nomad.datamodel.metainfo.system.Atoms', 'm_def_id': '7d051e8be40aed92f0e7c7b537dcc0bd10f5eafe', 'atomic_numbers': [63, 63, 63, 63, 69, 69, 69, 69, 16, 16, 16, 16, 16, 16, 16, 16, 16, 16, 16, 16], 'species': [63, 63, 63, 63, 69, 69, 69, 69, 16, 16, 16, 16, 16, 16, 16, 16, 16, 16, 16, 16], 'labels': ['Eu', 'Eu', 'Eu', 'Eu', 'Tm', 'Tm', 'Tm', 'Tm', 'S', 'S', 'S', 'S', 'S', 'S', 'S', 'S', 'S', 'S', 'S', 'S'], 'positions': [[6.59325975e-10, 2.469625e-10, 6.5313276e-10], [2.9606097499999996e-10, 2.469625e-10, 3.5738723999999995e-10], [4.30469025e-10, 7.408875e-10, 3.1629276000000004e-10], [6.7204025e-11, 7.408875e-10, 2.054724e-11], [0.0, 4.93925e-10, 3.3684e-10], [0.0, 0.0, 3.3684e-10], [3.63265e-10, 0.0, 0.0], [3.63265e-10, 4.93925e-10, 0.0], [5.87544811e-10, 5.656429100000001e-10, 1.2449606399999999e-10], [5.87544811e-10, 9.161320900000002e-10, 1.2449606399999999e-10], [2.2427981100000003e-10, 9.161320900000002e-10, 2.1234393599999996e-10], [5.02250189e-10, 4.2220709000000005e-10, 4.61336064e-10], [1.3898518899999999e-10, 7.171791000000002e-11, 5.491839360000001e-10], [5.02250189e-10, 7.171791000000002e-11, 4.61336064e-10], [2.2427981100000003e-10, 5.656429100000001e-10, 2.1234393599999996e-10], [1.3898518899999999e-10, 4.2220709000000005e-10, 5.491839360000001e-10], [6.89694929e-10, 7.408875e-10, 4.3351308e-10], [3.26429929e-10, 7.408875e-10, 5.7700692e-10], [4.00100071e-10, 2.469625e-10, 9.667308000000002e-11], [3.6835071000000003e-11, 2.469625e-10, 2.4016692e-10]], 'lattice_vectors': [[7.2653e-10, 0.0, 0.0], [0.0, 9.8785e-10, 0.0], [0.0, 0.0, 6.7368e-10]], 'periodic': [True, True, True]}",7.2653,9.8785,6.7368,90.0,90.0,90.0,483.5019283256402,0.0413648815616096,5.729859841384424,1.7321643829345703,0.25712019205093384
YbEuS3,27,"{'m_def': 'nomad.datamodel.metainfo.system.Atoms', 'm_def_id': '7d051e8be40aed92f0e7c7b537dcc0bd10f5eafe', 'atomic_numbers': [70, 70, 70, 70, 63, 63, 63, 63, 16, 16, 16, 16, 16, 16, 16, 16, 16, 16, 16, 16], 'species': [70, 70, 70, 70, 63, 63, 63, 63, 16, 16, 16, 16, 16, 16, 16, 16, 16, 16, 16, 16], 'labels': ['Yb', 'Yb', 'Yb', 'Yb', 'Eu', 'Eu', 'Eu', 'Eu', 'S', 'S', 'S', 'S', 'S', 'S', 'S', 'S', 'S', 'S', 'S', 'S'], 'positions': [[0.0, 4.2382999999999997e-10, 3.5332499999999997e-10], [0.0, 0.0, 3.5332499999999997e-10], [3.8104e-10, 0.0, 0.0], [3.8104e-10, 4.2382999999999997e-10, 3.922695501756834e-26], [6.902158559999999e-10, 2.1191499999999999e-10, 1.7666250000000015e-11], [3.0917585600000005e-10, 2.119149999999999e-10, 3.3565875e-10], [4.52904144e-10, 6.357449999999999e-10, 3.7099124999999996e-10], [7.1864144e-11, 6.357450000000002e-10, 6.8898375e-10], [5.99299712e-10, 5.13003832e-10, 5.64966675e-10], [5.99299712e-10, 7.584861679999999e-10, 5.64966675e-10], [2.1825971200000002e-10, 7.584861679999999e-10, 4.95008325e-10], [5.438202880000001e-10, 3.3465616799999997e-10, 2.11641675e-10], [1.6278028800000002e-10, 8.9173832e-11, 1.4168332500000002e-10], [5.438202880000001e-10, 8.9173832e-11, 2.11641675e-10], [2.1825971200000002e-10, 5.13003832e-10, 4.95008325e-10], [1.6278028800000002e-10, 3.3465616799999997e-10, 1.4168332500000002e-10], [6.04177024e-10, 6.357450000000001e-10, 2.1015771000000006e-10], [2.23137024e-10, 6.357450000000001e-10, 1.4316728999999993e-10], [5.389429760000001e-10, 2.1191499999999999e-10, 5.634827100000001e-10], [1.57902976e-10, 2.1191499999999999e-10, 4.964922899999999e-10]], 'lattice_vectors': [[7.6208e-10, 0.0, 0.0], [0.0, 8.476599999999999e-10, 0.0], [0.0, 0.0, 7.066499999999999e-10]], 'periodic': [True, True, True]}",7.6208,8.4766,7.0665,90.0,90.0,90.0,456.48511143311976,0.0438130390216028,6.12892403558249,1.557271122932434,0.2519032657146454
DyZrS3,28,"{'m_def': 'nomad.datamodel.metainfo.system.Atoms', 'm_def_id': '7d051e8be40aed92f0e7c7b537dcc0bd10f5eafe', 'atomic_numbers': [66, 66, 66, 66, 40, 40, 40, 40, 16, 16, 16, 16, 16, 16, 16, 16, 16, 16, 16, 16], 'species': [66, 66, 66, 66, 40, 40, 40, 40, 16, 16, 16, 16, 16, 16, 16, 16, 16, 16, 16, 16], 'labels': ['Dy', 'Dy', 'Dy', 'Dy', 'Zr', 'Zr', 'Zr', 'Zr', 'S', 'S', 'S', 'S', 'S', 'S', 'S', 'S', 'S', 'S', 'S', 'S'], 'positions': [[6.4207e-10, 7.066200000000001e-10, 6.14442792e-10], [2.8457000000000003e-10, 7.066200000000001e-10, 3.58187208e-10], [4.304300000000001e-10, 2.3554e-10, 2.9023279200000005e-10], [7.292999999999999e-11, 2.3554e-10, 3.3977208000000006e-11], [0.0, 4.7108e-10, 3.2421e-10], [0.0, 0.0, 3.2421e-10], [3.575e-10, 0.0, 0.0], [3.575e-10, 4.7108e-10, 0.0], [5.817240000000001e-10, 6.632806400000002e-11, 1.0452530400000003e-10], [5.817240000000001e-10, 4.04751936e-10, 1.0452530400000003e-10], [2.2422400000000004e-10, 4.04751936e-10, 2.1968469600000003e-10], [4.907760000000001e-10, 8.75831936e-10, 4.2873530400000004e-10], [1.3327600000000002e-10, 5.37408064e-10, 5.43894696e-10], [4.907760000000001e-10, 5.37408064e-10, 4.2873530400000004e-10], [2.2422400000000004e-10, 6.632806400000002e-11, 2.1968469600000003e-10], [1.3327600000000002e-10, 8.75831936e-10, 5.43894696e-10], [6.764615000000001e-10, 2.3554e-10, 4.28022042e-10], [3.1896150000000007e-10, 2.3554e-10, 5.446079580000001e-10], [3.960385e-10, 7.066200000000001e-10, 1.0381204200000003e-10], [3.85385e-11, 7.066200000000001e-10, 2.20397958e-10]], 'lattice_vectors': [[7.15e-10, 0.0, 0.0], [0.0, 9.4216e-10, 0.0], [0.0, 0.0, 6.4842e-10]], 'periodic': [True, True, True]}",7.15,9.4216,6.4842,90.0,90.0,90.0,436.80450184800014,0.0457870738863392,5.320954046939869,1.9027743339538574,0.05763711780309677
UInSe3,29,"{'m_def': 'nomad.datamodel.metainfo.system.Atoms', 'm_def_id': '7d051e8be40aed92f0e7c7b537dcc0bd10f5eafe', 'atomic_numbers': [92, 92, 92, 92, 49, 49, 49, 49, 34, 34, 34, 34, 34, 34, 34, 34, 34, 34, 34, 34], 'species': [92, 92, 92, 92, 49, 49, 49, 49, 34, 34, 34, 34, 34, 34, 34, 34, 34, 34, 34, 34], 'labels': ['U', 'U', 'U', 'U', 'In', 'In', 'In', 'In', 'Se', 'Se', 'Se', 'Se', 'Se', 'Se', 'Se', 'Se', 'Se', 'Se', 'Se', 'Se'], 'positions': [[6.8586928e-10, 6.90945e-10, 6.69184371e-10], [2.9594928e-10, 6.90945e-10, 3.8200062900000005e-10], [4.838907200000001e-10, 2.3031500000000002e-10, 3.18789371e-10], [9.397072000000001e-11, 2.3031500000000002e-10, 3.1605629000000005e-11], [0.0, 4.6063000000000004e-10, 3.50395e-10], [0.0, 0.0, 3.50395e-10], [3.8992000000000003e-10, 0.0, 0.0], [3.8992000000000003e-10, 4.6063000000000004e-10, 0.0], [6.35647584e-10, 6.550158599999995e-11, 1.1843351000000005e-10], [6.35647584e-10, 3.9512841399999993e-10, 1.1843351000000005e-10], [2.4572758399999994e-10, 3.9512841399999993e-10, 2.3196149000000001e-10], [5.341124160000001e-10, 8.55758414e-10, 4.688285100000001e-10], [1.4419241600000005e-10, 5.261315860000001e-10, 5.8235649e-10], [5.341124160000001e-10, 5.261315860000001e-10, 4.688285100000001e-10], [2.4572758399999994e-10, 6.550158599999995e-11, 2.3196149000000001e-10], [1.4419241600000005e-10, 8.55758414e-10, 5.8235649e-10], [7.36792832e-10, 2.3031500000000002e-10, 4.727529339999999e-10], [3.46872832e-10, 2.303150000000001e-10, 5.784320660000002e-10], [4.329671680000001e-10, 6.909450000000001e-10, 1.2235793399999996e-10], [4.3047167999999996e-11, 6.909449999999999e-10, 2.2803706600000005e-10]], 'lattice_vectors': [[7.798400000000001e-10, 0.0, 0.0], [0.0, 9.212600000000001e-10, 0.0], [0.0, 0.0, 7.0079e-10]], 'periodic': [True, True, True]}",7.798400000000001,9.2126,7.0079,90.0,90.0,90.0,503.4723428447358,0.0397241284138774,7.780086338132463,1.4326016902923584,0.06566237658262253
DyEuS3,30,"{'m_def': 'nomad.datamodel.metainfo.system.Atoms', 'm_def_id': '7d051e8be40aed92f0e7c7b537dcc0bd10f5eafe', 'atomic_numbers': [63, 63, 63, 63, 66, 66, 66, 66, 16, 16, 16, 16, 16, 16, 16, 16, 16, 16, 16, 16], 'species': [63, 63, 63, 63, 66, 66, 66, 66, 16, 16, 16, 16, 16, 16, 16, 16, 16, 16, 16, 16], 'labels': ['Eu', 'Eu', 'Eu', 'Eu', 'Dy', 'Dy', 'Dy', 'Dy', 'S', 'S', 'S', 'S', 'S', 'S', 'S', 'S', 'S', 'S', 'S', 'S'], 'positions': [[6.81559644e-10, 2.4685000000000003e-10, 3.65063391e-10], [3.1298964400000005e-10, 2.4685000000000014e-10, 6.87801609e-10], [4.24150356e-10, 7.405500000000002e-10, 1.4108390999999965e-11], [5.558035599999999e-11, 7.405499999999999e-10, 3.3684660900000003e-10], [0.0, 4.937000000000001e-10, 0.0], [0.0, 0.0, 0.0], [3.6857000000000005e-10, 0.0, 3.50955e-10], [3.6857000000000005e-10, 4.937000000000001e-10, 3.50955e-10], [5.891222880000001e-10, 5.830597000000002e-10, 2.1155567400000001e-10], [5.891222880000001e-10, 8.980403000000001e-10, 2.1155567400000001e-10], [2.2055228800000003e-10, 8.980403000000001e-10, 1.393993259999999e-10], [5.16587712e-10, 4.0434030000000007e-10, 5.62510674e-10], [1.4801771200000002e-10, 8.935969999999998e-11, 4.90354326e-10], [5.16587712e-10, 8.935969999999998e-11, 5.62510674e-10], [2.2055228800000003e-10, 5.830597000000002e-10, 1.393993259999999e-10], [1.4801771200000002e-10, 4.0434030000000007e-10, 4.90354326e-10], [6.719768240000001e-10, 7.4055e-10, 5.8047957e-10], [3.03406824e-10, 7.4055e-10, 4.723854300000001e-10], [4.337331760000001e-10, 2.4685000000000003e-10, 2.2952457000000001e-10], [6.516317600000001e-11, 2.4685000000000003e-10, 1.2143043e-10]], 'lattice_vectors': [[7.371400000000001e-10, 0.0, 0.0], [0.0, 9.874000000000001e-10, 0.0], [0.0, 0.0, 7.0191e-10]], 'periodic': [True, True, True]}",7.371400000000002,9.874,7.0191,90.0,90.0,90.0,510.8866225887605,0.039147629074052,5.339073550591109,1.927147626876831,0.4019306004047394
LaZrS3,31,"{'m_def': 'nomad.datamodel.metainfo.system.Atoms', 'm_def_id': '7d051e8be40aed92f0e7c7b537dcc0bd10f5eafe', 'atomic_numbers': [57, 57, 57, 57, 40, 40, 40, 40, 16, 16, 16, 16, 16, 16, 16, 16, 16, 16, 16, 16], 'species': [57, 57, 57, 57, 40, 40, 40, 40, 16, 16, 16, 16, 16, 16, 16, 16, 16, 16, 16, 16], 'labels': ['La', 'La', 'La', 'La', 'Zr', 'Zr', 'Zr', 'Zr', 'S', 'S', 'S', 'S', 'S', 'S', 'S', 'S', 'S', 'S', 'S', 'S'], 'positions': [[6.609855e-10, 7.156275000000001e-10, 6.33425152e-10], [2.934855e-10, 7.156275000000001e-10, 3.54654848e-10], [4.415145e-10, 2.385425e-10, 3.04065152e-10], [7.40145e-11, 2.385425e-10, 2.5294847999999998e-11], [0.0, 4.77085e-10, 3.2936000000000004e-10], [0.0, 0.0, 3.2936000000000004e-10], [3.6749999999999997e-10, 0.0, 0.0], [3.6749999999999997e-10, 4.77085e-10, 0.0], [5.980695e-10, 5.982645899999999e-11, 1.1936006400000003e-10], [5.980695e-10, 4.172585410000002e-10, 1.1936006400000003e-10], [2.3056949999999998e-10, 4.172585410000002e-10, 2.0999993600000001e-10], [5.044304999999999e-10, 8.943435410000001e-10, 4.48720064e-10], [1.3693050000000002e-10, 5.369114589999999e-10, 5.39359936e-10], [5.044304999999999e-10, 5.369114589999999e-10, 4.48720064e-10], [2.3056949999999998e-10, 5.982645899999999e-11, 2.0999993600000001e-10], [1.3693050000000002e-10, 8.943435410000001e-10, 5.39359936e-10], [7.027334999999999e-10, 2.385425e-10, 4.216466720000001e-10], [3.352335e-10, 2.385425e-10, 5.66433328e-10], [3.9976650000000003e-10, 7.156275000000001e-10, 9.2286672e-11], [3.22665e-11, 7.156275000000001e-10, 2.37073328e-10]], 'lattice_vectors': [[7.349999999999999e-10, 0.0, 0.0], [0.0, 9.5417e-10, 0.0], [0.0, 0.0, 6.587200000000001e-10]], 'periodic': [True, True, True]}",7.35,9.5417,6.587200000000001,90.0,90.0,90.0,461.9701838640004,0.0432928372838187,4.6918571847843324,1.86924147605896,0.0734458938241005
SmScS3,32,"{'m_def': 'nomad.datamodel.metainfo.system.Atoms', 'm_def_id': '7d051e8be40aed92f0e7c7b537dcc0bd10f5eafe', 'atomic_numbers': [62, 62, 62, 62, 21, 21, 21, 21, 16, 16, 16, 16, 16, 16, 16, 16, 16, 16, 16, 16], 'species': [62, 62, 62, 62, 21, 21, 21, 21, 16, 16, 16, 16, 16, 16, 16, 16, 16, 16, 16, 16], 'labels': ['Sm', 'Sm', 'Sm', 'Sm', 'Sc', 'Sc', 'Sc', 'Sc', 'S', 'S', 'S', 'S', 'S', 'S', 'S', 'S', 'S', 'S', 'S', 'S'], 'positions': [[6.402075700000001e-10, 7.132574999999999e-10, 6.2369635e-10], [2.8398257e-10, 7.132574999999999e-10, 3.5337365e-10], [4.2846743e-10, 2.377525e-10, 2.9800635e-10], [7.224243e-11, 2.377525e-10, 2.768365e-11], [0.0, 4.75505e-10, 3.2569e-10], [0.0, 0.0, 3.2569e-10], [3.5622500000000003e-10, 0.0, 0.0], [3.5622500000000003e-10, 4.75505e-10, 0.0], [5.817154250000001e-10, 6.324216500000001e-11, 1.13730948e-10], [5.817154250000001e-10, 4.1226283499999984e-10, 1.13730948e-10], [2.2549042500000002e-10, 4.1226283499999984e-10, 2.119590520000001e-10], [4.86959575e-10, 8.877678349999999e-10, 4.3942094799999997e-10], [1.30734575e-10, 5.387471650000001e-10, 5.37649052e-10], [4.86959575e-10, 5.387471650000001e-10, 4.3942094799999997e-10], [2.2549042500000002e-10, 6.324216500000001e-11, 2.119590520000001e-10], [1.30734575e-10, 8.877678349999999e-10, 5.37649052e-10], [6.807459750000001e-10, 2.377525e-10, 4.1844651200000004e-10], [3.2452097500000003e-10, 2.377525e-10, 5.586234879999999e-10], [3.87929025e-10, 7.132574999999999e-10, 9.275651200000001e-11], [3.1704025e-11, 7.132574999999999e-10, 2.32933488e-10]], 'lattice_vectors': [[7.124500000000001e-10, 0.0, 0.0], [0.0, 9.5101e-10, 0.0], [0.0, 0.0, 6.5138e-10]], 'periodic': [True, True, True]}",7.1245,9.5101,6.5138,90.0,90.0,90.0,441.3406133878099,0.0453164730217697,4.3872260445439455,2.354390859603882,0.536231517791748
BaHfS3,33,"{'m_def': 'nomad.datamodel.metainfo.system.Atoms', 'm_def_id': '7d051e8be40aed92f0e7c7b537dcc0bd10f5eafe', 'atomic_numbers': [56, 56, 56, 56, 72, 72, 72, 72, 16, 16, 16, 16, 16, 16, 16, 16, 16, 16, 16, 16], 'species': [56, 56, 56, 56, 72, 72, 72, 72, 16, 16, 16, 16, 16, 16, 16, 16, 16, 16, 16, 16], 'labels': ['Ba', 'Ba', 'Ba', 'Ba', 'Hf', 'Hf', 'Hf', 'Hf', 'S', 'S', 'S', 'S', 'S', 'S', 'S', 'S', 'S', 'S', 'S', 'S'], 'positions': [[6.738439680000001e-10, 7.36635e-10, 4.030584000000027e-12], [3.2200396800000004e-10, 7.36635e-10, 3.49529416e-10], [3.8167603200000006e-10, 2.45545e-10, 3.5759058400000003e-10], [2.9836032e-11, 2.45545e-10, 7.03089416e-10], [0.0, 4.9109e-10, 3.5356e-10], [0.0, 0.0, 3.5356e-10], [3.5184000000000005e-10, 0.0, 0.0], [3.5184000000000005e-10, 4.9109e-10, 0.0], [5.55766464e-10, 3.5358480000000035e-11, 5.5933192e-10], [5.55766464e-10, 4.5573152e-10, 5.5933192e-10], [2.03926464e-10, 4.5573152e-10, 5.013480800000001e-10], [4.99753536e-10, 9.4682152e-10, 2.0577192000000003e-10], [1.4791353600000003e-10, 5.2644848e-10, 1.4778808e-10], [4.99753536e-10, 5.2644848e-10, 2.0577192000000003e-10], [2.03926464e-10, 3.5358480000000035e-11, 5.013480800000001e-10], [1.4791353600000003e-10, 9.4682152e-10, 1.4778808e-10], [6.943914240000001e-10, 2.45545e-10, 3.08092184e-10], [3.42551424e-10, 2.45545e-10, 4.546781600000002e-11], [3.6112857600000003e-10, 7.36635e-10, 6.616521840000001e-10], [9.288576e-12, 7.36635e-10, 3.9902781600000005e-10]], 'lattice_vectors': [[7.036800000000001e-10, 0.0, 0.0], [0.0, 9.8218e-10, 0.0], [0.0, 0.0, 7.0712e-10]], 'periodic': [True, True, True]}",7.036800000000002,9.8218,7.0712,90.0,90.0,90.0,488.719215487488,0.0409232937159026,5.599632682184829,1.7994173765182495,0.2109813094139099
HfCuSe3,34,"{'m_def': 'nomad.datamodel.metainfo.system.Atoms', 'm_def_id': '7d051e8be40aed92f0e7c7b537dcc0bd10f5eafe', 'atomic_numbers': [72, 72, 72, 72, 29, 29, 29, 29, 34, 34, 34, 34, 34, 34, 34, 34, 34, 34, 34, 34], 'species': [72, 72, 72, 72, 29, 29, 29, 29, 34, 34, 34, 34, 34, 34, 34, 34, 34, 34, 34, 34], 'labels': ['Hf', 'Hf', 'Hf', 'Hf', 'Cu', 'Cu', 'Cu', 'Cu', 'Se', 'Se', 'Se', 'Se', 'Se', 'Se', 'Se', 'Se', 'Se', 'Se', 'Se', 'Se'], 'positions': [[6.743740000000001e-10, 2.1354000000000002e-10, 2.92677444e-10], [3.0187400000000005e-10, 2.1354000000000002e-10, 3.1367556e-11], [4.43126e-10, 6.4062e-10, 6.16722444e-10], [7.0626e-11, 6.4062e-10, 3.55412556e-10], [0.0, 4.2708000000000004e-10, 0.0], [0.0, 0.0, 0.0], [3.725e-10, 0.0, 3.2404500000000004e-10], [3.725e-10, 4.2708000000000004e-10, 3.2404500000000004e-10], [6.136565e-10, 4.78927512e-10, 4.2851710800000005e-10], [6.136565e-10, 8.023124880000001e-10, 4.2851710800000005e-10], [2.411565e-10, 8.023124880000001e-10, 5.43617892e-10], [5.038435e-10, 3.752324880000001e-10, 1.0447210800000002e-10], [1.313435e-10, 5.1847512000000005e-11, 2.19572892e-10], [5.038435e-10, 5.1847512000000005e-11, 1.0447210800000002e-10], [2.411565e-10, 4.78927512e-10, 5.43617892e-10], [1.313435e-10, 3.752324880000001e-10, 2.19572892e-10], [6.973945000000001e-10, 6.4062e-10, 1.0375920900000009e-10], [3.248945e-10, 6.4062e-10, 2.2028579099999993e-10], [4.201055e-10, 2.1354000000000002e-10, 4.2780420900000016e-10], [4.7605500000000004e-11, 2.1354000000000002e-10, 5.443307909999999e-10]], 'lattice_vectors': [[7.45e-10, 0.0, 0.0], [0.0, 8.541600000000001e-10, 0.0], [0.0, 0.0, 6.480900000000001e-10]], 'periodic': [True, True, True]}",7.45,8.5416,6.480900000000001,90.0,90.0,90.0,412.4115530280004,0.0484952466853956,7.713253645703735,1.4097721576690674,0.24724794924259186
UCeS3,35,"{'m_def': 'nomad.datamodel.metainfo.system.Atoms', 'm_def_id': '7d051e8be40aed92f0e7c7b537dcc0bd10f5eafe', 'atomic_numbers': [58, 58, 58, 58, 92, 92, 92, 92, 16, 16, 16, 16, 16, 16, 16, 16, 16, 16, 16, 16], 'species': [58, 58, 58, 58, 92, 92, 92, 92, 16, 16, 16, 16, 16, 16, 16, 16, 16, 16, 16, 16], 'labels': ['Ce', 'Ce', 'Ce', 'Ce', 'U', 'U', 'U', 'U', 'S', 'S', 'S', 'S', 'S', 'S', 'S', 'S', 'S', 'S', 'S', 'S'], 'positions': [[0.0, 5.14435e-10, 3.1116000000000004e-10], [0.0, 0.0, 3.1116000000000004e-10], [3.6652e-10, 0.0, 0.0], [3.6652e-10, 5.14435e-10, 3.4545699634236375e-26], [6.60908864e-10, 7.716525000000001e-10, 6.02530224e-10], [2.9438886399999997e-10, 7.716525000000001e-10, 3.3094977600000006e-10], [4.38651136e-10, 2.572175e-10, 2.91370224e-10], [7.213113600000001e-11, 2.572175e-10, 1.9789776000000003e-11], [5.961081280000001e-10, 8.385290500000013e-11, 1.1046180000000008e-10], [5.961081280000001e-10, 4.3058209500000005e-10, 1.1046180000000008e-10], [2.29588128e-10, 4.3058209500000005e-10, 2.006981999999999e-10], [5.03451872e-10, 9.45017095e-10, 4.2162180000000004e-10], [1.3693187199999998e-10, 5.982879050000001e-10, 5.118582e-10], [5.03451872e-10, 5.982879050000001e-10, 4.2162180000000004e-10], [2.29588128e-10, 8.385290500000013e-11, 2.006981999999999e-10], [1.3693187199999998e-10, 9.45017095e-10, 5.118582e-10], [6.798946e-10, 2.572175e-10, 4.2193296e-10], [3.133746e-10, 2.572175e-10, 5.115470400000001e-10], [4.196654e-10, 7.716525000000001e-10, 1.1077296000000001e-10], [5.314540000000001e-11, 7.716525000000001e-10, 2.0038704000000004e-10]], 'lattice_vectors': [[7.3304e-10, 0.0, 0.0], [0.0, 1.02887e-09, 0.0], [0.0, 0.0, 6.223200000000001e-10]], 'periodic': [True, True, True]}",7.3304,10.2887,6.223200000000002,90.0,90.0,90.0,469.3555268223362,0.0426116213766681,6.712693533924419,1.505002737045288,0.047244392335414886
DyScS3,36,"{'m_def': 'nomad.datamodel.metainfo.system.Atoms', 'm_def_id': '7d051e8be40aed92f0e7c7b537dcc0bd10f5eafe', 'atomic_numbers': [66, 66, 66, 66, 21, 21, 21, 21, 16, 16, 16, 16, 16, 16, 16, 16, 16, 16, 16, 16], 'species': [66, 66, 66, 66, 21, 21, 21, 21, 16, 16, 16, 16, 16, 16, 16, 16, 16, 16, 16, 16], 'labels': ['Dy', 'Dy', 'Dy', 'Dy', 'Sc', 'Sc', 'Sc', 'Sc', 'S', 'S', 'S', 'S', 'S', 'S', 'S', 'S', 'S', 'S', 'S', 'S'], 'positions': [[6.314017600000001e-10, 7.126875000000001e-10, 6.091608e-10], [2.7984176e-10, 7.126875000000001e-10, 3.448392e-10], [4.2327824e-10, 2.375625e-10, 2.9116080000000005e-10], [7.171824000000002e-11, 2.375625e-10, 2.68392e-11], [0.0, 4.75125e-10, 3.1800000000000004e-10], [0.0, 0.0, 3.1800000000000004e-10], [3.5156e-10, 0.0, 0.0], [3.5156e-10, 4.75125e-10, 0.0], [5.73464672e-10, 6.765780000000015e-11, 1.123176e-10], [5.73464672e-10, 4.074672e-10, 1.123176e-10], [2.21904672e-10, 4.074672e-10, 2.0568239999999995e-10], [4.81215328e-10, 8.825921999999999e-10, 4.303176e-10], [1.2965532800000004e-10, 5.427828e-10, 5.236824e-10], [4.81215328e-10, 5.427828e-10, 4.303176e-10], [2.21904672e-10, 6.765780000000015e-11, 2.0568239999999995e-10], [1.2965532800000004e-10, 8.825921999999999e-10, 5.236824e-10], [6.69299928e-10, 2.375625e-10, 4.1066519999999996e-10], [3.17739928e-10, 2.375625e-10, 5.433348000000001e-10], [3.85380072e-10, 7.126875000000001e-10, 9.266519999999997e-11], [3.3820072e-11, 7.126875000000001e-10, 2.2533480000000004e-10]], 'lattice_vectors': [[7.0312e-10, 0.0, 0.0], [0.0, 9.5025e-10, 0.0], [0.0, 0.0, 6.360000000000001e-10]], 'periodic': [True, True, True]}",7.0312,9.5025,6.360000000000002,90.0,90.0,90.0,424.93690007999976,0.047065811409258,4.7463442463505725,2.3709793090820312,0.3270915746688843
BaCeS3,37,"{'m_def': 'nomad.datamodel.metainfo.system.Atoms', 'm_def_id': '7d051e8be40aed92f0e7c7b537dcc0bd10f5eafe', 'atomic_numbers': [56, 56, 56, 56, 58, 58, 58, 58, 16, 16, 16, 16, 16, 16, 16, 16, 16, 16, 16, 16], 'species': [56, 56, 56, 56, 58, 58, 58, 58, 16, 16, 16, 16, 16, 16, 16, 16, 16, 16, 16, 16], 'labels': ['Ba', 'Ba', 'Ba', 'Ba', 'Ce', 'Ce', 'Ce', 'Ce', 'S', 'S', 'S', 'S', 'S', 'S', 'S', 'S', 'S', 'S', 'S', 'S'], 'positions': [[7.392570450000001e-10, 7.423875000000001e-10, 3.6260494000000005e-10], [3.2924204500000005e-10, 7.423875000000001e-10, 2.2735060000000067e-11], [4.907879550000001e-10, 2.474625e-10, 7.479449400000001e-10], [8.077295499999999e-11, 2.474625e-10, 4.0807506e-10], [0.0, 4.94925e-10, 0.0], [0.0, 0.0, 0.0], [4.1001500000000006e-10, 0.0, 3.8534000000000004e-10], [4.1001500000000006e-10, 4.94925e-10, 3.8534000000000004e-10], [6.63158261e-10, 7.216006499999997e-11, 5.27684596e-10], [6.63158261e-10, 4.22764935e-10, 5.27684596e-10], [2.5314326100000006e-10, 4.22764935e-10, 6.283354040000001e-10], [5.668867390000001e-10, 9.176899350000002e-10, 1.42344596e-10], [1.5687173899999997e-10, 5.67085065e-10, 2.4299540400000005e-10], [5.668867390000001e-10, 5.67085065e-10, 1.42344596e-10], [2.5314326100000006e-10, 7.216006499999997e-11, 6.283354040000001e-10], [1.5687173899999997e-10, 9.176899350000002e-10, 2.4299540400000005e-10], [7.782904730000002e-10, 2.474625e-10, 1.1059257999999999e-10], [3.68275473e-10, 2.474625e-10, 2.7474742000000004e-10], [4.5175452699999995e-10, 7.423875000000001e-10, 4.959325800000001e-10], [4.173952700000001e-11, 7.423875000000001e-10, 6.600874200000001e-10]], 'lattice_vectors': [[8.200300000000001e-10, 0.0, 0.0], [0.0, 9.8985e-10, 0.0], [0.0, 0.0, 7.706800000000001e-10]], 'periodic': [True, True, True]}",8.2003,9.8985,7.7068,90.0,90.0,90.0,625.5661160879396,0.031971041086868,3.967225721962933,2.053790807723999,0.053861234337091446
UEuS3,38,"{'m_def': 'nomad.datamodel.metainfo.system.Atoms', 'm_def_id': '7d051e8be40aed92f0e7c7b537dcc0bd10f5eafe', 'atomic_numbers': [63, 63, 63, 63, 92, 92, 92, 92, 16, 16, 16, 16, 16, 16, 16, 16, 16, 16, 16, 16], 'species': [63, 63, 63, 63, 92, 92, 92, 92, 16, 16, 16, 16, 16, 16, 16, 16, 16, 16, 16, 16], 'labels': ['Eu', 'Eu', 'Eu', 'Eu', 'U', 'U', 'U', 'U', 'S', 'S', 'S', 'S', 'S', 'S', 'S', 'S', 'S', 'S', 'S', 'S'], 'positions': [[6.76881168e-10, 2.5166750000000005e-10, 3.50134068e-10], [3.1084116800000004e-10, 2.5166750000000005e-10, 6.434359320000001e-10], [4.212388320000001e-10, 7.550025e-10, 1.894406800000001e-11], [5.5198832e-11, 7.550025e-10, 3.12245932e-10], [0.0, 5.033350000000001e-10, 0.0], [0.0, 0.0, 0.0], [3.6604e-10, 0.0, 3.3119e-10], [3.6604e-10, 5.033350000000001e-10, 3.3119e-10], [5.88372696e-10, 5.660505410000001e-10, 2.0142975800000005e-10], [5.88372696e-10, 9.439544590000001e-10, 2.0142975800000005e-10], [2.2233269599999998e-10, 9.439544590000001e-10, 1.29760242e-10], [5.097473040000001e-10, 4.40619459e-10, 5.32619758e-10], [1.43707304e-10, 6.271554100000001e-11, 4.60950242e-10], [5.097473040000001e-10, 6.271554100000001e-11, 5.32619758e-10], [2.2233269599999998e-10, 5.660505410000001e-10, 1.29760242e-10], [1.43707304e-10, 4.40619459e-10, 4.60950242e-10], [6.935725920000001e-10, 7.550025e-10, 5.72097606e-10], [3.2753259200000005e-10, 7.550025e-10, 4.21472394e-10], [4.04547408e-10, 2.5166750000000005e-10, 2.40907606e-10], [3.850740800000001e-11, 2.5166750000000005e-10, 9.028239400000001e-11]], 'lattice_vectors': [[7.3208e-10, 0.0, 0.0], [0.0, 1.0066700000000002e-09, 0.0], [0.0, 0.0, 6.6238e-10]], 'periodic': [True, True, True]}",7.3208,10.066700000000004,6.6238,90.0,90.0,90.0,488.1495344531682,0.0409710520822359,6.615464831250508,1.4473553895950317,0.15586578845977783
EuZrS3,39,"{'m_def': 'nomad.datamodel.metainfo.system.Atoms', 'm_def_id': '7d051e8be40aed92f0e7c7b537dcc0bd10f5eafe', 'atomic_numbers': [63, 63, 63, 63, 40, 40, 40, 40, 16, 16, 16, 16, 16, 16, 16, 16, 16, 16, 16, 16], 'species': [63, 63, 63, 63, 40, 40, 40, 40, 16, 16, 16, 16, 16, 16, 16, 16, 16, 16, 16, 16], 'labels': ['Eu', 'Eu', 'Eu', 'Eu', 'Zr', 'Zr', 'Zr', 'Zr', 'S', 'S', 'S', 'S', 'S', 'S', 'S', 'S', 'S', 'S', 'S', 'S'], 'positions': [[6.526793e-10, 7.2114e-10, 2.1376117000000028e-11], [2.9406430000000004e-10, 7.2114e-10, 3.034888829999999e-10], [4.2316569999999997e-10, 2.4038e-10, 3.4624111700000003e-10], [6.45507e-11, 2.4038e-10, 6.28353883e-10], [0.0, 4.8076e-10, 3.24865e-10], [0.0, 0.0, 3.24865e-10], [3.58615e-10, 0.0, 0.0], [3.58615e-10, 4.8076e-10, 0.0], [5.79593563e-10, 5.692198400000014e-11, 5.2758076e-10], [5.79593563e-10, 4.2383801599999995e-10, 5.2758076e-10], [2.2097856300000003e-10, 4.2383801599999995e-10, 4.4701423999999996e-10], [4.96251437e-10, 9.04598016e-10, 2.0271576000000003e-10], [1.37636437e-10, 5.376819840000001e-10, 1.2214924000000001e-10], [4.96251437e-10, 5.376819840000001e-10, 2.0271576000000003e-10], [2.2097856300000003e-10, 5.692198400000014e-11, 4.4701423999999996e-10], [1.37636437e-10, 9.04598016e-10, 1.2214924000000001e-10], [6.991558040000001e-10, 2.4038e-10, 2.53654592e-10], [3.4054080399999997e-10, 2.4038e-10, 7.121040799999994e-11], [3.7668919600000005e-10, 7.2114e-10, 5.78519592e-10], [1.8074196000000004e-11, 7.2114e-10, 3.9607540800000003e-10]], 'lattice_vectors': [[7.1723e-10, 0.0, 0.0], [0.0, 9.6152e-10, 0.0], [0.0, 0.0, 6.4973e-10]], 'periodic': [True, True, True]}",7.1723,9.6152,6.4973,90.0,90.0,90.0,448.0739428728078,0.0446354900081241,5.030944019766404,1.5775978565216064,0.18250297009944916
TbScS3,40,"{'m_def': 'nomad.datamodel.metainfo.system.Atoms', 'm_def_id': '7d051e8be40aed92f0e7c7b537dcc0bd10f5eafe', 'atomic_numbers': [65, 65, 65, 65, 21, 21, 21, 21, 16, 16, 16, 16, 16, 16, 16, 16, 16, 16, 16, 16], 'species': [65, 65, 65, 65, 21, 21, 21, 21, 16, 16, 16, 16, 16, 16, 16, 16, 16, 16, 16, 16], 'labels': ['Tb', 'Tb', 'Tb', 'Tb', 'Sc', 'Sc', 'Sc', 'Sc', 'S', 'S', 'S', 'S', 'S', 'S', 'S', 'S', 'S', 'S', 'S', 'S'], 'positions': [[6.229911000000001e-10, 7.129125e-10, 6.122193020000001e-10], [2.7299610000000004e-10, 7.129125e-10, 3.4667069800000003e-10], [4.269939e-10, 2.376375e-10, 2.92589302e-10], [7.69989e-11, 2.376375e-10, 2.7040697999999997e-11], [0.0, 4.75275e-10, 3.1963e-10], [0.0, 0.0, 3.1963e-10], [3.4999500000000004e-10, 0.0, 0.0], [3.4999500000000004e-10, 4.75275e-10, 0.0], [5.703518520000001e-10, 6.492256500000002e-11, 1.1187050000000003e-10], [5.703518520000001e-10, 4.10352435e-10, 1.1187050000000003e-10], [2.2035685199999997e-10, 4.10352435e-10, 2.0775949999999996e-10], [4.79633148e-10, 8.85627435e-10, 4.315005e-10], [1.29638148e-10, 5.40197565e-10, 5.273895e-10], [4.79633148e-10, 5.40197565e-10, 4.315005e-10], [2.2035685199999997e-10, 6.492256500000002e-11, 2.0775949999999996e-10], [1.29638148e-10, 8.85627435e-10, 5.273895e-10], [6.663904800000001e-10, 2.376375e-10, 4.1168344000000004e-10], [3.1639548000000004e-10, 2.376375e-10, 5.4720656e-10], [3.8359452000000004e-10, 7.129125e-10, 9.205344000000002e-11], [3.359952e-11, 7.129125e-10, 2.2757655999999998e-10]], 'lattice_vectors': [[6.999900000000001e-10, 0.0, 0.0], [0.0, 9.5055e-10, 0.0], [0.0, 0.0, 6.3926e-10]], 'periodic': [True, True, True]}",6.999900000000002,9.5055,6.3926,90.0,90.0,90.0,425.34793861407,0.047020328969189,4.685936490771004,2.261070489883423,0.2530587613582611
SrCeS3,41,"{'m_def': 'nomad.datamodel.metainfo.system.Atoms', 'm_def_id': '7d051e8be40aed92f0e7c7b537dcc0bd10f5eafe', 'atomic_numbers': [38, 38, 38, 38, 58, 58, 58, 58, 16, 16, 16, 16, 16, 16, 16, 16, 16, 16, 16, 16], 'species': [38, 38, 38, 38, 58, 58, 58, 58, 16, 16, 16, 16, 16, 16, 16, 16, 16, 16, 16, 16], 'labels': ['Sr', 'Sr', 'Sr', 'Sr', 'Ce', 'Ce', 'Ce', 'Ce', 'S', 'S', 'S', 'S', 'S', 'S', 'S', 'S', 'S', 'S', 'S', 'S'], 'positions': [[7.26201035e-10, 7.6146e-10, 1.2072920999999987e-11], [3.31226035e-10, 7.6146e-10, 3.5826207900000003e-10], [4.5872396500000003e-10, 2.5382e-10, 3.82407921e-10], [6.374896499999999e-11, 2.5382e-10, 7.28597079e-10], [0.0, 5.0764e-10, 3.70335e-10], [0.0, 0.0, 3.70335e-10], [3.94975e-10, 0.0, 0.0], [3.94975e-10, 5.0764e-10, 4.1115444382455734e-26], [6.311700499999999e-10, 9.442103999999998e-11, 5.943876749999999e-10], [6.311700499999999e-10, 4.1321896e-10, 5.943876749999999e-10], [2.3619505e-10, 4.1321896e-10, 5.16617325e-10], [5.537549500000001e-10, 9.2085896e-10, 2.24052675e-10], [1.5877995e-10, 6.020610399999999e-10, 1.4628232499999998e-10], [5.537549500000001e-10, 6.020610399999999e-10, 2.24052675e-10], [2.3619505e-10, 9.442103999999998e-11, 5.16617325e-10], [1.5877995e-10, 9.2085896e-10, 1.4628232499999998e-10], [7.21461335e-10, 2.5382e-10, 2.4649497599999997e-10], [3.26486335e-10, 2.5382e-10, 1.23840024e-10], [4.63463665e-10, 7.6146e-10, 6.168299760000001e-10], [6.8488665e-11, 7.6146e-10, 4.941750240000001e-10]], 'lattice_vectors': [[7.8995e-10, 0.0, 0.0], [0.0, 1.01528e-09, 0.0], [0.0, 0.0, 7.4067e-10]], 'periodic': [True, True, True]}",7.899500000000001,10.1528,7.4067,90.0,90.0,90.0,594.0324763321203,0.0336681928966087,3.622024738146388,2.0398614406585693,0.07229282706975937
CaCeS3,42,"{'m_def': 'nomad.datamodel.metainfo.system.Atoms', 'm_def_id': '7d051e8be40aed92f0e7c7b537dcc0bd10f5eafe', 'atomic_numbers': [20, 20, 20, 20, 58, 58, 58, 58, 16, 16, 16, 16, 16, 16, 16, 16, 16, 16, 16, 16], 'species': [20, 20, 20, 20, 58, 58, 58, 58, 16, 16, 16, 16, 16, 16, 16, 16, 16, 16, 16, 16], 'labels': ['Ca', 'Ca', 'Ca', 'Ca', 'Ce', 'Ce', 'Ce', 'Ce', 'S', 'S', 'S', 'S', 'S', 'S', 'S', 'S', 'S', 'S', 'S', 'S'], 'positions': [[0.0, 4.9755e-10, 3.50475e-10], [0.0, 0.0, 3.50475e-10], [3.74415e-10, 0.0, 0.0], [3.74415e-10, 4.9755e-10, 0.0], [6.79563225e-10, 2.48775e-10, 2.2500495000000014e-11], [3.05148225e-10, 2.48775e-10, 3.27974505e-10], [4.4368177500000006e-10, 7.463250000000001e-10, 3.7297549500000003e-10], [6.926677499999999e-11, 7.463250000000001e-10, 6.78449505e-10], [6.07525779e-10, 5.781531000000001e-10, 5.73026625e-10], [6.07525779e-10, 9.144969000000001e-10, 5.73026625e-10], [2.33110779e-10, 9.144969000000001e-10, 4.78398375e-10], [5.15719221e-10, 4.1694690000000004e-10, 2.2255162500000002e-10], [1.41304221e-10, 8.06031e-11, 1.27923375e-10], [5.15719221e-10, 8.06031e-11, 2.2255162500000002e-10], [2.33110779e-10, 5.781531000000001e-10, 4.78398375e-10], [1.41304221e-10, 4.1694690000000004e-10, 1.27923375e-10], [6.819594809999999e-10, 7.463250000000001e-10, 2.2682742000000002e-10], [3.0754448099999995e-10, 7.463250000000001e-10, 1.2364758000000008e-10], [4.4128551900000004e-10, 2.48775e-10, 5.7730242e-10], [6.6870519e-11, 2.48775e-10, 4.7412258e-10]], 'lattice_vectors': [[7.4883e-10, 0.0, 0.0], [0.0, 9.951e-10, 0.0], [0.0, 0.0, 7.0095e-10]], 'periodic': [True, True, True]}",7.4883,9.951,7.0095,90.0,90.0,90.0,522.3204157963502,0.0382906725357599,3.514737075861678,2.0567569732666016,0.03413591906428337
EuHfS3,43,"{'m_def': 'nomad.datamodel.metainfo.system.Atoms', 'm_def_id': '7d051e8be40aed92f0e7c7b537dcc0bd10f5eafe', 'atomic_numbers': [63, 63, 63, 63, 72, 72, 72, 72, 16, 16, 16, 16, 16, 16, 16, 16, 16, 16, 16, 16], 'species': [63, 63, 63, 63, 72, 72, 72, 72, 16, 16, 16, 16, 16, 16, 16, 16, 16, 16, 16, 16], 'labels': ['Eu', 'Eu', 'Eu', 'Eu', 'Hf', 'Hf', 'Hf', 'Hf', 'S', 'S', 'S', 'S', 'S', 'S', 'S', 'S', 'S', 'S', 'S', 'S'], 'positions': [[6.444656760000001e-10, 7.256925000000001e-10, 6.3433176e-10], [2.8903567600000003e-10, 7.256925000000001e-10, 3.4336824000000004e-10], [4.218243240000001e-10, 2.4189750000000004e-10, 3.0843176e-10], [6.639432399999999e-11, 2.4189750000000004e-10, 1.746824e-11], [0.0, 4.837950000000001e-10, 3.259e-10], [0.0, 0.0, 3.259e-10], [3.5543000000000003e-10, 0.0, 0.0], [3.5543000000000003e-10, 4.837950000000001e-10, 0.0], [5.716025260000001e-10, 5.021792099999984e-11, 1.2377681999999996e-10], [5.716025260000001e-10, 4.335770790000001e-10, 1.2377681999999996e-10], [2.1617252600000004e-10, 4.335770790000001e-10, 2.0212318000000002e-10], [4.946874740000001e-10, 9.173720790000001e-10, 4.4967682e-10], [1.39257474e-10, 5.34012921e-10, 5.2802318e-10], [4.946874740000001e-10, 5.34012921e-10, 4.4967682e-10], [2.1617252600000004e-10, 5.021792099999984e-11, 2.0212318000000002e-10], [1.39257474e-10, 9.173720790000001e-10, 5.2802318e-10], [6.93870446e-10, 2.4189750000000004e-10, 3.9290504e-10], [3.3844044600000003e-10, 2.4189750000000004e-10, 5.8479496e-10], [3.7241955400000003e-10, 7.256925000000001e-10, 6.700504e-11], [1.6989554000000002e-11, 7.256925000000001e-10, 2.5889496e-10]], 'lattice_vectors': [[7.108600000000001e-10, 0.0, 0.0], [0.0, 9.675900000000002e-10, 0.0], [0.0, 0.0, 6.518e-10]], 'periodic': [True, True, True]}",7.108600000000001,9.675900000000002,6.518,90.0,90.0,90.0,448.32174565932,0.0446108184437656,6.321061515084426,1.4735745191574097,0.23714816570281982
SrSnS3,44,"{'m_def': 'nomad.datamodel.metainfo.system.Atoms', 'm_def_id': '7d051e8be40aed92f0e7c7b537dcc0bd10f5eafe', 'atomic_numbers': [38, 38, 38, 38, 50, 50, 50, 50, 16, 16, 16, 16, 16, 16, 16, 16, 16, 16, 16, 16], 'species': [38, 38, 38, 38, 50, 50, 50, 50, 16, 16, 16, 16, 16, 16, 16, 16, 16, 16, 16, 16], 'labels': ['Sr', 'Sr', 'Sr', 'Sr', 'Sn', 'Sn', 'Sn', 'Sn', 'S', 'S', 'S', 'S', 'S', 'S', 'S', 'S', 'S', 'S', 'S', 'S'], 'positions': [[6.66302316e-10, 7.656525e-10, 2.1168629999999984e-11], [2.99557316e-10, 7.656525e-10, 3.1484137000000013e-10], [4.33932684e-10, 2.552175e-10, 3.5717863e-10], [6.718768400000001e-11, 2.552175e-10, 6.5085137e-10], [0.0, 5.10435e-10, 3.3601e-10], [0.0, 0.0, 3.3601e-10], [3.66745e-10, 0.0, 0.0], [3.66745e-10, 5.10435e-10, 0.0], [5.964740680000001e-10, 5.5637414999999995e-11, 5.42857756e-10], [5.964740680000001e-10, 4.5479758500000007e-10, 5.42857756e-10], [2.2972906800000002e-10, 4.5479758500000007e-10, 4.6517224400000004e-10], [5.03760932e-10, 9.65232585e-10, 2.0684775599999999e-10], [1.37015932e-10, 5.66072415e-10, 1.29162244e-10], [5.03760932e-10, 5.66072415e-10, 2.0684775599999999e-10], [2.2972906800000002e-10, 5.5637414999999995e-11, 4.6517224400000004e-10], [1.37015932e-10, 9.65232585e-10, 1.29162244e-10], [7.095782260000001e-10, 2.552175e-10, 2.6074376e-10], [3.42833226e-10, 2.552175e-10, 7.526624000000008e-11], [3.90656774e-10, 7.656525e-10, 5.9675376e-10], [2.3911774e-11, 7.656525e-10, 4.1127624000000005e-10]], 'lattice_vectors': [[7.3349e-10, 0.0, 0.0], [0.0, 1.02087e-09, 0.0], [0.0, 0.0, 6.7202e-10]], 'periodic': [True, True, True]}",7.3349,10.2087,6.7202,90.0,90.0,90.0,503.2071891523265,0.0397450601484665,3.9932226140986593,1.485643744468689,0.11282254010438919
LaScS3,45,"{'m_def': 'nomad.datamodel.metainfo.system.Atoms', 'm_def_id': '7d051e8be40aed92f0e7c7b537dcc0bd10f5eafe', 'atomic_numbers': [57, 57, 57, 57, 21, 21, 21, 21, 16, 16, 16, 16, 16, 16, 16, 16, 16, 16, 16, 16], 'species': [57, 57, 57, 57, 21, 21, 21, 21, 16, 16, 16, 16, 16, 16, 16, 16, 16, 16, 16, 16], 'labels': ['La', 'La', 'La', 'La', 'Sc', 'Sc', 'Sc', 'Sc', 'S', 'S', 'S', 'S', 'S', 'S', 'S', 'S', 'S', 'S', 'S', 'S'], 'positions': [[6.53772792e-10, 2.4103e-10, 6.38271692e-10], [2.9221279200000003e-10, 2.410299999999999e-10, 3.52013308e-10], [4.30907208e-10, 7.230899999999998e-10, 3.08176692e-10], [6.9347208e-11, 7.230900000000001e-10, 2.1918308000000003e-11], [0.0, 4.8206e-10, 3.30095e-10], [0.0, 0.0, 3.30095e-10], [3.6156000000000004e-10, 0.0, 0.0], [3.6156000000000004e-10, 4.8206e-10, 0.0], [5.868841920000001e-10, 5.381717840000001e-10, 1.23191454e-10], [5.868841920000001e-10, 9.08008216e-10, 1.23191454e-10], [2.25324192e-10, 9.08008216e-10, 2.0690354600000007e-10], [4.97795808e-10, 4.2594821599999997e-10, 4.53286454e-10], [1.36235808e-10, 5.6111784e-11, 5.36998546e-10], [4.97795808e-10, 5.6111784e-11, 4.53286454e-10], [2.25324192e-10, 5.381717840000001e-10, 2.0690354600000007e-10], [1.36235808e-10, 4.2594821599999997e-10, 5.36998546e-10], [7.006309680000001e-10, 7.2309e-10, 4.1572164299999993e-10], [3.3907096800000004e-10, 7.2309e-10, 5.74563357e-10], [3.8404903200000004e-10, 2.4103e-10, 8.562664299999999e-11], [2.2489031999999998e-11, 2.4103e-10, 2.4446835700000004e-10]], 'lattice_vectors': [[7.231200000000001e-10, 0.0, 0.0], [0.0, 9.6412e-10, 0.0], [0.0, 0.0, 6.6019e-10]], 'periodic': [True, True, True]}",7.231200000000002,9.6412,6.6019,90.0,90.0,90.0,460.2676030503361,0.0434529822812942,4.041514638261649,2.8281490802764893,0.596563458442688
SrUS3,46,"{'m_def': 'nomad.datamodel.metainfo.system.Atoms', 'm_def_id': '7d051e8be40aed92f0e7c7b537dcc0bd10f5eafe', 'atomic_numbers': [38, 38, 38, 38, 92, 92, 92, 92, 16, 16, 16, 16, 16, 16, 16, 16, 16, 16, 16, 16], 'species': [38, 38, 38, 38, 92, 92, 92, 92, 16, 16, 16, 16, 16, 16, 16, 16, 16, 16, 16, 16], 'labels': ['Sr', 'Sr', 'Sr', 'Sr', 'U', 'U', 'U', 'U', 'S', 'S', 'S', 'S', 'S', 'S', 'S', 'S', 'S', 'S', 'S', 'S'], 'positions': [[7.113933000000001e-10, 2.52555e-10, 3.4421774100000004e-10], [3.3064330000000003e-10, 2.52555e-10, 6.301672590000001e-10], [4.3085670000000003e-10, 7.57665e-10, 1.942274099999999e-11], [5.0106700000000003e-11, 7.57665e-10, 3.05372259e-10], [0.0, 5.0511e-10, 0.0], [0.0, 0.0, 0.0], [3.8075e-10, 0.0, 3.24795e-10], [3.8075e-10, 5.0511e-10, 3.24795e-10], [6.0912385e-10, 5.7532029e-10, 1.9520179500000007e-10], [6.0912385e-10, 9.4000971e-10, 1.9520179500000007e-10], [2.2837385000000007e-10, 9.4000971e-10, 1.29593205e-10], [5.3312615e-10, 4.3489971e-10, 5.199967950000001e-10], [1.5237614999999998e-10, 7.021029000000001e-11, 4.543882049999999e-10], [5.3312615e-10, 7.021029000000001e-11, 5.199967950000001e-10], [2.2837385000000007e-10, 5.7532029e-10, 1.29593205e-10], [1.5237614999999998e-10, 4.3489971e-10, 4.543882049999999e-10], [7.209120500000001e-10, 7.57665e-10, 5.56113999e-10], [3.4016205e-10, 7.57665e-10, 4.1827100100000005e-10], [4.2133795000000003e-10, 2.52555e-10, 2.3131899899999998e-10], [4.058795e-11, 2.52555e-10, 9.3476001e-11]], 'lattice_vectors': [[7.615e-10, 0.0, 0.0], [0.0, 1.01022e-09, 0.0], [0.0, 0.0, 6.4959e-10]], 'periodic': [True, True, True]}",7.615,10.1022,6.495900000000002,90.0,90.0,90.0,499.71823866270034,0.0400225536164582,5.607066057188979,2.533442497253418,0.1727747768163681
ZrCuSe3,47,"{'m_def': 'nomad.datamodel.metainfo.system.Atoms', 'm_def_id': '7d051e8be40aed92f0e7c7b537dcc0bd10f5eafe', 'atomic_numbers': [40, 40, 40, 40, 29, 29, 29, 29, 34, 34, 34, 34, 34, 34, 34, 34, 34, 34, 34, 34], 'species': [40, 40, 40, 40, 29, 29, 29, 29, 34, 34, 34, 34, 34, 34, 34, 34, 34, 34, 34, 34], 'labels': ['Zr', 'Zr', 'Zr', 'Zr', 'Cu', 'Cu', 'Cu', 'Cu', 'Se', 'Se', 'Se', 'Se', 'Se', 'Se', 'Se', 'Se', 'Se', 'Se', 'Se', 'Se'], 'positions': [[0.0, 4.3425e-10, 3.18955e-10], [0.0, 0.0, 3.18955e-10], [3.6692e-10, 0.0, 0.0], [3.6692e-10, 4.3425e-10, 0.0], [6.078396720000001e-10, 2.17125e-10, 5.697812120000001e-10], [2.4091967200000005e-10, 2.1712500000000012e-10, 3.8708378800000006e-10], [4.929203279999999e-10, 6.513750000000002e-10, 2.50826212e-10], [1.2600032799999999e-10, 6.513749999999999e-10, 6.812878800000001e-11], [6.011617280000001e-10, 4.905288e-10, 1.0295867400000001e-10], [6.011617280000001e-10, 8.122212000000002e-10, 1.0295867400000001e-10], [2.34241728e-10, 8.122212000000002e-10, 2.1599632600000002e-10], [4.995982719999999e-10, 3.7797120000000006e-10, 4.21913674e-10], [1.32678272e-10, 5.6278799999999984e-11, 5.349513260000001e-10], [4.995982719999999e-10, 5.6278799999999984e-11, 4.21913674e-10], [2.34241728e-10, 4.905288e-10, 2.1599632600000002e-10], [1.32678272e-10, 3.7797120000000006e-10, 5.349513260000001e-10], [7.027985679999999e-10, 6.51375e-10, 4.2165851000000005e-10], [3.3587856800000003e-10, 6.51375e-10, 5.3520649e-10], [3.9796143200000004e-10, 2.17125e-10, 1.0270351000000003e-10], [3.104143199999999e-11, 2.1712499999999999e-10, 2.1625148999999997e-10]], 'lattice_vectors': [[7.3384e-10, 0.0, 0.0], [0.0, 8.685e-10, 0.0], [0.0, 0.0, 6.3791e-10]], 'periodic': [True, True, True]}",7.3384,8.685,6.3791,90.0,90.0,90.0,406.5655849163999,0.049192555253078,6.3984769047901215,1.3535375595092773,0.19251742959022522
USmSe3,48,"{'m_def': 'nomad.datamodel.metainfo.system.Atoms', 'm_def_id': '7d051e8be40aed92f0e7c7b537dcc0bd10f5eafe', 'atomic_numbers': [62, 62, 62, 62, 92, 92, 92, 92, 34, 34, 34, 34, 34, 34, 34, 34, 34, 34, 34, 34], 'species': [62, 62, 62, 62, 92, 92, 92, 92, 34, 34, 34, 34, 34, 34, 34, 34, 34, 34, 34, 34], 'labels': ['Sm', 'Sm', 'Sm', 'Sm', 'U', 'U', 'U', 'U', 'Se', 'Se', 'Se', 'Se', 'Se', 'Se', 'Se', 'Se', 'Se', 'Se', 'Se', 'Se'], 'positions': [[0.0, 5.091249999999999e-10, 3.58555e-10], [0.0, 0.0, 3.58555e-10], [3.6852000000000004e-10, 0.0, 0.0], [3.6852000000000004e-10, 5.091249999999999e-10, 0.0], [6.639993360000001e-10, 2.5456249999999997e-10, 6.981065850000001e-10], [2.954793360000001e-10, 2.5456249999999986e-10, 3.77558415e-10], [4.41560664e-10, 7.636874999999998e-10, 3.39551585e-10], [7.3040664e-11, 7.636875000000001e-10, 1.9003415e-11], [5.95602024e-10, 5.87835725e-10, 1.3051402000000004e-10], [5.95602024e-10, 9.39539275e-10, 1.3051402000000004e-10], [2.2708202400000004e-10, 9.39539275e-10, 2.2804098000000007e-10], [5.09957976e-10, 4.30414275e-10, 4.890690200000001e-10], [1.4143797599999997e-10, 7.8710725e-11, 5.8659598e-10], [5.09957976e-10, 7.8710725e-11, 4.890690200000001e-10], [2.2708202400000004e-10, 5.87835725e-10, 2.2804098000000007e-10], [1.4143797599999997e-10, 4.30414275e-10, 5.8659598e-10], [6.95618352e-10, 7.636875e-10, 4.79961723e-10], [3.27098352e-10, 7.636875e-10, 5.95703277e-10], [4.0994164800000005e-10, 2.5456249999999997e-10, 1.2140672299999997e-10], [4.1421648e-11, 2.5456249999999997e-10, 2.3714827700000006e-10]], 'lattice_vectors': [[7.370400000000001e-10, 0.0, 0.0], [0.0, 1.0182499999999999e-09, 0.0], [0.0, 0.0, 7.1711e-10]], 'periodic': [True, True, True]}",7.370400000000001,10.1825,7.1711,90.0,90.0,90.0,538.1845866678002,0.0371619709955484,7.716931917835945,1.6485650539398193,0.10082997381687164
BaZrS3,49,"{'m_def': 'nomad.datamodel.metainfo.system.Atoms', 'm_def_id': '7d051e8be40aed92f0e7c7b537dcc0bd10f5eafe', 'atomic_numbers': [56, 56, 56, 56, 40, 40, 40, 40, 16, 16, 16, 16, 16, 16, 16, 16, 16, 16, 16, 16], 'species': [56, 56, 56, 56, 40, 40, 40, 40, 16, 16, 16, 16, 16, 16, 16, 16, 16, 16, 16, 16], 'labels': ['Ba', 'Ba', 'Ba', 'Ba', 'Zr', 'Zr', 'Zr', 'Zr', 'S', 'S', 'S', 'S', 'S', 'S', 'S', 'S', 'S', 'S', 'S', 'S'], 'positions': [[6.756812000000001e-10, 7.557600000000001e-10, 3.6650259000000004e-10], [3.1912120000000005e-10, 7.557600000000001e-10, 7.051424100000001e-10], [3.9399879999999996e-10, 2.5192e-10, 9.287590000000009e-12], [3.74388e-11, 2.5192e-10, 3.4792741e-10], [0.0, 5.0384e-10, 0.0], [0.0, 0.0, 0.0], [3.5656e-10, 0.0, 3.5721500000000004e-10], [3.5656e-10, 5.0384e-10, 3.5721500000000004e-10], [5.608688799999999e-10, 3.7586464000000114e-11, 2.0554151100000007e-10], [5.608688799999999e-10, 4.662535360000001e-10, 2.0554151100000007e-10], [2.0430887999999996e-10, 4.662535360000001e-10, 1.5167348899999994e-10], [5.0881112e-10, 9.700935360000002e-10, 5.627565110000001e-10], [1.5225112e-10, 5.41426464e-10, 5.08888489e-10], [5.0881112e-10, 5.41426464e-10, 5.627565110000001e-10], [2.0430887999999996e-10, 3.7586464000000114e-11, 1.5167348899999994e-10], [1.5225112e-10, 9.700935360000002e-10, 5.08888489e-10], [7.02993696e-10, 2.5192e-10, 6.625623820000001e-10], [3.46433696e-10, 2.519199999999999e-10, 4.0908261800000005e-10], [3.66686304e-10, 7.557599999999999e-10, 3.0534738200000004e-10], [1.0126304e-11, 7.557600000000002e-10, 5.1867618000000006e-11]], 'lattice_vectors': [[7.1312e-10, 0.0, 0.0], [0.0, 1.00768e-09, 0.0], [0.0, 0.0, 7.144300000000001e-10]], 'periodic': [True, True, True]}",7.1312,10.0768,7.144300000000002,90.0,90.0,90.0,513.387084389888,0.0389569597836067,4.201534762927244,1.8125468492507935,0.030929123982787132
YbSmS3,50,"{'m_def': 'nomad.datamodel.metainfo.system.Atoms', 'm_def_id': '7d051e8be40aed92f0e7c7b537dcc0bd10f5eafe', 'atomic_numbers': [70, 70, 70, 70, 62, 62, 62, 62, 16, 16, 16, 16, 16, 16, 16, 16, 16, 16, 16, 16], 'species': [70, 70, 70, 70, 62, 62, 62, 62, 16, 16, 16, 16, 16, 16, 16, 16, 16, 16, 16, 16], 'labels': ['Yb', 'Yb', 'Yb', 'Yb', 'Sm', 'Sm', 'Sm', 'Sm', 'S', 'S', 'S', 'S', 'S', 'S', 'S', 'S', 'S', 'S', 'S', 'S'], 'positions': [[0.0, 4.4883e-10, 3.53485e-10], [0.0, 0.0, 3.53485e-10], [3.8134000000000005e-10, 0.0, 0.0], [3.8134000000000005e-10, 4.4883e-10, 0.0], [6.90759276e-10, 2.24415e-10, 1.5482642999999944e-11], [3.09419276e-10, 2.24415e-10, 3.3800235699999995e-10], [4.532607240000001e-10, 6.73245e-10, 3.68967643e-10], [7.1920724e-11, 6.73245e-10, 6.914873570000002e-10], [6.151014200000001e-10, 5.253106319999999e-10, 5.72292215e-10], [6.151014200000001e-10, 8.211793679999999e-10, 5.72292215e-10], [2.3376142e-10, 8.211793679999999e-10, 4.88162785e-10], [5.289185800000001e-10, 3.72349368e-10, 2.1880721500000002e-10], [1.4757858000000003e-10, 7.6480632e-11, 1.34677785e-10], [5.289185800000001e-10, 7.6480632e-11, 2.1880721500000002e-10], [2.3376142e-10, 5.253106319999999e-10, 4.88162785e-10], [1.4757858000000003e-10, 3.72349368e-10, 1.34677785e-10], [6.893101840000001e-10, 6.73245e-10, 2.2651318800000003e-10], [3.0797018400000003e-10, 6.73245e-10, 1.26971812e-10], [4.54709816e-10, 2.24415e-10, 5.79998188e-10], [7.336981599999999e-11, 2.24415e-10, 4.80456812e-10]], 'lattice_vectors': [[7.626800000000001e-10, 0.0, 0.0], [0.0, 8.9766e-10, 0.0], [0.0, 0.0, 7.0697e-10]], 'periodic': [True, True, True]}",7.626800000000001,8.9766,7.0697,90.0,90.0,90.0,484.0109826417364,0.0413213764093529,5.758358079954602,1.7281447649002075,0.2764812409877777
GdZrS3,51,"{'m_def': 'nomad.datamodel.metainfo.system.Atoms', 'm_def_id': '7d051e8be40aed92f0e7c7b537dcc0bd10f5eafe', 'atomic_numbers': [64, 64, 64, 64, 40, 40, 40, 40, 16, 16, 16, 16, 16, 16, 16, 16, 16, 16, 16, 16], 'species': [64, 64, 64, 64, 40, 40, 40, 40, 16, 16, 16, 16, 16, 16, 16, 16, 16, 16, 16, 16], 'labels': ['Gd', 'Gd', 'Gd', 'Gd', 'Zr', 'Zr', 'Zr', 'Zr', 'S', 'S', 'S', 'S', 'S', 'S', 'S', 'S', 'S', 'S', 'S', 'S'], 'positions': [[6.3895588e-10, 7.063875e-10, 6.12746295e-10], [2.8059588e-10, 7.063875e-10, 3.45168705e-10], [4.3612412000000004e-10, 2.354625e-10, 2.93441295e-10], [7.776412000000001e-11, 2.354625e-10, 2.5863704999999998e-11], [0.0, 4.70925e-10, 3.19305e-10], [0.0, 0.0, 3.19305e-10], [3.5836000000000004e-10, 0.0, 0.0], [3.5836000000000004e-10, 4.70925e-10, 0.0], [5.838401120000001e-10, 6.489346499999996e-11, 1.11437445e-10], [5.838401120000001e-10, 4.0603153500000006e-10, 1.11437445e-10], [2.2548011200000002e-10, 4.0603153500000006e-10, 2.0786755499999994e-10], [4.912398880000001e-10, 8.769565350000001e-10, 4.3074244500000004e-10], [1.3287988800000005e-10, 5.358184649999999e-10, 5.271725550000001e-10], [4.912398880000001e-10, 5.358184649999999e-10, 4.3074244500000004e-10], [2.2548011200000002e-10, 6.489346499999996e-11, 2.0786755499999994e-10], [1.3287988800000005e-10, 8.769565350000001e-10, 5.271725550000001e-10], [6.821024240000001e-10, 2.354625e-10, 4.1094553500000003e-10], [3.23742424e-10, 2.354625e-10, 5.469694649999999e-10], [3.92977576e-10, 7.063875e-10, 9.164053500000005e-11], [3.461757600000001e-11, 7.063875e-10, 2.2766446499999998e-10]], 'lattice_vectors': [[7.167200000000001e-10, 0.0, 0.0], [0.0, 9.4185e-10, 0.0], [0.0, 0.0, 6.3861e-10]], 'periodic': [True, True, True]}",7.167200000000002,9.4185,6.3861,90.0,90.0,90.0,431.08903908252,0.046394127864085,5.310609071051139,1.8452284336090088,0.03557385876774788
EuYS3,52,"{'m_def': 'nomad.datamodel.metainfo.system.Atoms', 'm_def_id': '7d051e8be40aed92f0e7c7b537dcc0bd10f5eafe', 'atomic_numbers': [63, 63, 63, 63, 39, 39, 39, 39, 16, 16, 16, 16, 16, 16, 16, 16, 16, 16, 16, 16], 'species': [63, 63, 63, 63, 39, 39, 39, 39, 16, 16, 16, 16, 16, 16, 16, 16, 16, 16, 16, 16], 'labels': ['Eu', 'Eu', 'Eu', 'Eu', 'Y', 'Y', 'Y', 'Y', 'S', 'S', 'S', 'S', 'S', 'S', 'S', 'S', 'S', 'S', 'S', 'S'], 'positions': [[6.744485e-10, 7.4412e-10, 6.87912232e-10], [3.019485e-10, 7.4412e-10, 3.74117768e-10], [4.430515e-10, 2.4804e-10, 3.33902232e-10], [7.055150000000002e-11, 2.4804e-10, 2.0107768000000003e-11], [0.0, 4.9608e-10, 3.5401e-10], [0.0, 0.0, 3.5401e-10], [3.725e-10, 0.0, 0.0], [3.725e-10, 4.9608e-10, 3.9303005294755167e-26], [6.032265e-10, 7.31221920000001e-11, 1.31196106e-10], [6.032265e-10, 4.229578079999999e-10, 1.31196106e-10], [2.3072649999999998e-10, 4.229578079999999e-10, 2.2281389399999996e-10], [5.142735e-10, 9.190378079999999e-10, 4.85206106e-10], [1.417735e-10, 5.692021920000001e-10, 5.76823894e-10], [5.142735e-10, 5.692021920000001e-10, 4.85206106e-10], [2.3072649999999998e-10, 7.31221920000001e-11, 2.2281389399999996e-10], [1.417735e-10, 9.190378079999999e-10, 5.76823894e-10], [6.973945000000001e-10, 2.4804e-10, 4.6028380200000005e-10], [3.248945e-10, 2.480399999999999e-10, 6.01746198e-10], [4.201055e-10, 7.441199999999999e-10, 1.0627380200000001e-10], [4.7605500000000004e-11, 7.441200000000001e-10, 2.47736198e-10]], 'lattice_vectors': [[7.45e-10, 0.0, 0.0], [0.0, 9.9216e-10, 0.0], [0.0, 0.0, 7.0802e-10]], 'periodic': [True, True, True]}",7.45,9.9216,7.0802,90.0,90.0,90.0,523.339496784,0.0382161104271758,4.277982882042404,1.8266106843948364,0.23254920542240143
DyInS3,53,"{'m_def': 'nomad.datamodel.metainfo.system.Atoms', 'm_def_id': '7d051e8be40aed92f0e7c7b537dcc0bd10f5eafe', 'atomic_numbers': [66, 66, 66, 66, 49, 49, 49, 49, 16, 16, 16, 16, 16, 16, 16, 16, 16, 16, 16, 16], 'species': [66, 66, 66, 66, 49, 49, 49, 49, 16, 16, 16, 16, 16, 16, 16, 16, 16, 16, 16, 16], 'labels': ['Dy', 'Dy', 'Dy', 'Dy', 'In', 'In', 'In', 'In', 'S', 'S', 'S', 'S', 'S', 'S', 'S', 'S', 'S', 'S', 'S', 'S'], 'positions': [[0.0, 4.9875e-10, 3.3049e-10], [0.0, 0.0, 3.3049e-10], [3.5672000000000004e-10, 0.0, 0.0], [3.5672000000000004e-10, 4.9875e-10, 0.0], [6.622863520000001e-10, 2.49375e-10, 8.923229999999971e-12], [3.055663520000001e-10, 2.49375e-10, 3.2156677e-10], [4.07873648e-10, 7.481249999999999e-10, 3.3941323e-10], [5.115364800000001e-11, 7.481249999999999e-10, 6.5205677e-10], [5.844500480000001e-10, 5.7306375e-10, 5.49538772e-10], [5.844500480000001e-10, 9.2318625e-10, 5.49538772e-10], [2.2773004800000005e-10, 9.2318625e-10, 4.41931228e-10], [4.85709952e-10, 4.2443625e-10, 2.1904877200000002e-10], [1.28989952e-10, 7.431374999999999e-11, 1.11441228e-10], [4.85709952e-10, 7.431374999999999e-11, 2.1904877200000002e-10], [2.2773004800000005e-10, 5.7306375e-10, 4.41931228e-10], [1.28989952e-10, 4.2443625e-10, 1.11441228e-10], [6.689213440000001e-10, 7.481249999999999e-10, 2.3577156600000004e-10], [3.12201344e-10, 7.481249999999999e-10, 9.471843399999998e-11], [4.0123865600000005e-10, 2.49375e-10, 5.662615660000001e-10], [4.4518656e-11, 2.49375e-10, 4.25208434e-10]], 'lattice_vectors': [[7.134400000000001e-10, 0.0, 0.0], [0.0, 9.975e-10, 0.0], [0.0, 0.0, 6.6098e-10]], 'periodic': [True, True, True]}",7.1344,9.975,6.6098,90.0,90.0,90.0,470.3906472719999,0.0425178521639167,5.274194398604792,1.835777997970581,0.052139949053525925
