File Name,Compound,Initial Energy (eV),Relaxed Energy (eV),Initial Energy/Atom (eV/atom),Relaxed Energy/Atom (eV/atom),Energy Reduction/Atom (eV/atom),Abs Energy Reduction
UInSe3_1.cif,InUSe3,-110.56751190259078,-111.35535130492855,-5.528375595129539,-5.567767565246427,0.03939197011688833,0.03939197011688833
EuScS3_1.cif,EuScS3,-151.04161605657987,-151.55380475867756,-7.552080802828994,-7.5776902379338775,0.025609435104883893,0.025609435104883893
YbEuS3_1.cif,EuYbS3,-131.16566834586519,-145.59801853510743,-6.558283417293259,-7.279900926755372,0.7216175094621127,0.7216175094621127
SmLuS3_1.cif,LuSmS3,-127.11468968817327,-127.18099252985594,-6.355734484408663,-6.359049626492797,0.0033151420841335266,0.0033151420841335266
ScUS3_1.cif,ScUS3,-150.908009341985,-151.55429235080737,-7.545400467099251,-7.5777146175403685,0.03231415044111774,0.03231415044111774
DyInS3_1.cif,DyInS3,-100.18286331914783,-101.79410014176368,-5.009143165957392,-5.089705007088184,0.08056184113079201,0.08056184113079201
UInS3_1.cif,InUS3,-120.60998608390217,-122.98975642157961,-6.030499304195109,-6.1494878210789805,0.11898851688387158,0.11898851688387158
CeUSe3_1.cif,CeUSe3,-134.95278447321772,-137.08756059856623,-6.747639223660886,-6.854378029928311,0.10673880626742527,0.10673880626742527
CaCeS3_1.cif,CaCeS3,-115.98867223071106,-116.91412030304137,-5.799433611535553,-5.845706015152069,0.04627240361651541,0.04627240361651541
AlSnSe3_1.cif,AlSnSe3,-79.36425134919314,-81.6730767433894,-3.968212567459657,-4.08365383716947,0.11544126970981283,0.11544126970981283
UBiS3_1.cif,BiUS3,-95.28512383542818,-124.44240833482144,-4.764256191771409,-6.222120416741072,1.4578642249696632,1.4578642249696632
SrPrS3_1.cif,PrSrS3,-107.86490351811796,-108.0426896533419,-5.393245175905898,-5.402134482667095,0.008889306761196814,0.008889306761196814
SmZrS3_1.cif,SmZrS3,-137.50125015657085,-137.776066574516,-6.875062507828543,-6.8888033287258,0.013740820897257144,0.013740820897257144
EuHfS3_1.cif,EuHfS3,-166.68473714338188,-166.80926125428783,-8.334236857169094,-8.340463062714392,0.006226205545297958,0.006226205545297958
ZrCuSe3_1.cif,CuZrSe3,-99.16264435953532,-105.31479544710506,-4.958132217976766,-5.265739772355253,0.3076075543784862,0.3076075543784862
EuDyS3_1.cif,DyEuS3,-145.0684210915307,-145.70490989412514,-7.253421054576535,-7.285245494706257,0.0318244401297223,0.0318244401297223
PrScS3_1.cif,PrScS3,-133.61331249576466,-133.63548076743228,-6.680665624788233,-6.681774038371614,0.001108413583381207,0.001108413583381207
YbEuSe3_1.cif,EuYbSe3,-126.22589419754846,-135.02606672299072,-6.311294709877423,-6.751303336149536,0.440008626272113,0.440008626272113
GdScS3_1.cif,GdScS3,-170.69481097622165,-170.9019353759883,-8.534740548811083,-8.545096768799414,0.010356219988331361,0.010356219988331361
BaCeS3_1.cif,BaCeS3,-116.54291615224146,-119.65930181123524,-5.827145807612073,-5.982965090561762,0.15581928294968872,0.15581928294968872
EuYS3_1.cif,EuYS3,-153.19127614810273,-153.49842405519863,-7.659563807405137,-7.674921202759931,0.015357395354794079,0.015357395354794079
GdZrS3_1.cif,GdZrS3,-175.86518975246793,-175.95594368426782,-8.793259487623397,-8.79779718421339,0.0045376965899937005,0.0045376965899937005
HfCuSe3_1.cif,CuHfSe3,-109.15550540032187,-110.42641273898397,-5.457775270016094,-5.5213206369491985,0.06354536693310475,0.06354536693310475
BaPrS3_1.cif,BaPrS3,-108.71920471940025,-108.99357843582435,-5.435960235970013,-5.449678921791217,0.013718685821204168,0.013718685821204168
LaZrS3_1.cif,LaZrS3,-140.41554474053595,-140.6349792741874,-7.020777237026797,-7.03174896370937,0.01097172668257329,0.01097172668257329
LaTbS3_1.cif,LaTbS3,-129.60876074992683,-129.93505068844354,-6.4804380374963415,-6.496752534422177,0.016314496925835087,0.016314496925835087
BaHfS3_1.cif,BaHfS3,-133.47656806916095,-133.6211942446715,-6.673828403458048,-6.681059712233575,0.007231308775526912,0.007231308775526912
PrUSe3_1.cif,PrUSe3,-131.93056418425675,-134.10370300206026,-6.5965282092128374,-6.705185150103013,0.10865694089017541,0.10865694089017541
DyZrS3_1.cif,DyZrS3,-136.64482150402597,-136.9917587951171,-6.832241075201298,-6.849587939755855,0.017346864554556696,0.017346864554556696
EuTmS3_1.cif,EuTmS3,-145.56272708409855,-145.64342706398182,-7.2781363542049275,-7.282171353199091,0.004034998994163708,0.004034998994163708
CeUS3_1.cif,CeUS3,-146.806955029809,-148.64850472909444,-7.34034775149045,-7.432425236454722,0.09207748496427204,0.09207748496427204
SmScS3_1.cif,ScSmS3,-133.119233641095,-133.16537034663665,-6.65596168205475,-6.658268517331832,0.0023068352770820866,0.0023068352770820866
YbSmS3_1.cif,SmYbS3,-124.50242540697151,-127.27393658238624,-6.225121270348575,-6.363696829119312,0.13857555877073668,0.13857555877073668
SmUSe3_1.cif,SmUSe3,-131.7879423836372,-132.97029635981374,-6.589397119181859,-6.648514817990687,0.05911769880882822,0.05911769880882822
HfCuS3_1.cif,CuHfS3,-112.40898517329941,-121.301387573076,-5.620449258664971,-6.0650693786538,0.4446201199888291,0.4446201199888291
SrUSe3_1.cif,SrUSe3,-122.35933230656218,-123.0760346732933,-6.117966615328109,-6.153801733664665,0.03583511833655528,0.03583511833655528
TbEuS3_1.cif,EuTbS3,-143.2793272622019,-145.70181422219912,-7.163966363110094,-7.285090711109956,0.12112434799986183,0.12112434799986183
BaUS3_1.cif,BaUS3,-136.19646313347624,-136.29042068209225,-6.809823156673812,-6.8145210341046125,0.00469787743080019,0.00469787743080019
DyScS3_1.cif,DyScS3,-132.49852673073212,-132.50211265704684,-6.624926336536606,-6.625105632852342,0.0001792963157356553,0.0001792963157356553
SrSnS3_1.cif,SnSrS3,-91.39217475639549,-91.6724266963318,-4.569608737819775,-4.5836213348165895,0.014012596996814786,0.014012596996814786
EuUS3_1.cif,EuUS3,-168.1536598157153,-168.9158144184035,-8.407682990785764,-8.445790720920176,0.03810773013441171,0.03810773013441171
CeCdS3_1.cif,CdCeS3,-97.8425163695283,-100.05629566390141,-4.892125818476415,-5.0028147831950704,0.11068896471865575,0.11068896471865575
EuZrS3_1.cif,EuZrS3,-160.91592310433802,-161.104844548636,-8.045796155216902,-8.055242227431801,0.00944607221489946,0.00944607221489946
LaScS3_1.cif,LaScS3,-135.70990809387348,-135.7810390977769,-6.785495404693674,-6.789051954888845,0.003556550195170871,0.003556550195170871
CeScS3_1.cif,CeScS3,-137.801518843033,-137.86332043931063,-6.8900759421516495,-6.8931660219655315,0.003090079813881985,0.003090079813881985
CaUSe3_1.cif,CaUSe3,-121.30609285093334,-122.95635589835445,-6.065304642546667,-6.147817794917723,0.08251315237105583,0.08251315237105583
LaTbSe3_1.cif,LaTbSe3,-116.80952371251179,-118.786849476369,-5.840476185625589,-5.93934247381845,0.09886628819286081,0.09886628819286081
TbZnS3_1.cif,TbZnS3,-93.5406175402585,-94.15937765723528,-4.677030877012925,-4.707968882861764,0.030938005848839545,0.030938005848839545
SrUS3_1.cif,SrUS3,-132.87226383500195,-134.47437740276013,-6.643613191750097,-6.723718870138006,0.08010567838790905,0.08010567838790905
TbScS3_1.cif,ScTbS3,-132.6371055842168,-132.7207517349237,-6.631855279210841,-6.636037586746186,0.004182307535344876,0.004182307535344876
EuUSe3_1.cif,EuUSe3,-156.43413749267734,-157.3479601806704,-7.8217068746338665,-7.86739800903352,0.04569113439965378,0.04569113439965378
BaZrS3_1.cif,BaZrS3,-127.7165704655043,-127.79120612645775,-6.385828523275215,-6.389560306322887,0.003731783047672188,0.003731783047672188
BaUSe3_1.cif,BaUSe3,-123.60083282049749,-125.09115927484768,-6.180041641024874,-6.254557963742384,0.07451632271750963,0.07451632271750963
SrCeS3_1.cif,CeSrS3,-114.86227800647946,-117.84675521000712,-5.743113900323973,-5.8923377605003555,0.14922386017638267,0.14922386017638267
